Titre,Localisation,Surface_m2,Prix_FCFA,Image
Bel appartement à vendre maristes,"Hann Maristes, Dakar",150.0,75000000,https://i.roamcdn.net/hz/ed/listing-thumb-224w/0c77098468052412f18d2cddb92a8ffb/-/horizon-files-prod/ed/picture/q6xqk066/0bbb94ce25e5b716c6f77f08e4668e2f995c208f.jpg
Appartement f3 à vendre,"Almadies, Dakar",105.0,110000000,https://i.roamcdn.net/hz/ed/listing-thumb-224w/2c72e353b319f10f23879c91ebe58cbf/-/horizon-files-prod/ed/picture/q8vmp8q9/1b5bebcaa943c6b8ede87642191bf80b45e7fb8f.jpg
Appartement à vendre horizon building aux almadies,"Almadies, Dakar",175.0,160000000,https://i.roamcdn.net/hz/ed/listing-thumb-224w/f923417bb74e8e32817bfd9e1be00987/-/horizon-files-prod/ed/picture/q56d5r9n/869ac5a96464da2209070adae228a26bfd149f52.jpg
Magnifique appartement de type f3 à vendre,"Liberte 6 Extension, Dakar",135.0,72000000,https://i.roamcdn.net/hz/ed/listing-thumb-224w/d3887fa1da3a4e29a19a54813cdb717c/-/horizon-files-prod/ed/picture/qrzr206g/0134d9316708836c2d06e184e910caf1bcd9ac9c.jpg
Appartement f2 a vendre au point e en face piscine olympique,"Point-E, Dakar",53.0,64990000,https://i.roamcdn.net/hz/ed/listing-thumb-224w/099e11589e6ad0049a8c6983882217cd/-/horizon-files-prod/ed/picture/qngp8mm0/ef26fb4fd5d1a25c256e6317837519fd402bf6fe.jpg
Ref _9056_ gl à vendre – f4 (droite) – liberté 6,"Liberte 6, Dakar",198.0,168300000,https://i.roamcdn.net/hz/ed/listing-thumb-224w/dad1961b0cbbff25e7faefadf2a05f49/-/horizon-files-prod/ed/picture/qq4z2kr7/95eb5dae36ce7876489e424ef73018b795c82966.jpg
F3 de 123m² au virage dans résidence avec piscine,"Virage, Dakar",123.0,108990000,https://i.roamcdn.net/hz/ed/listing-thumb-224w/f9690ca8ab18ef72fcf3293515541087/-/horizon-files-prod/ed/picture/qngpzq4x/521888753fa74e95ba48d3fc4781b0eb03a4f612.jpg
F4 de 170m² à vendre au point e,"Point-E, Dakar",170.0,190000000,https://i.roamcdn.net/hz/ed/listing-thumb-224w/06a7ed4548e11c109abe32543ad25b33/-/horizon-files-prod/ed/picture/q2j08kn8/13206e907a9a58585dbff672f315bc83914c5946.jpg
Apparemment a vendre,"Almadies, Dakar",,165000000,https://i.roamcdn.net/hz/ed/listing-thumb-224w/cb05f47c3b6afa7bb7f79ea049b961a6/-/horizon-files-prod/ed/picture/qpdgw5g0/2d62f3bd25ffcc40f6929cf1e943fb27ade1ac2e.jpg
Appartement f3 à vendre dakar,"Patte D‘Oie, Dakar",100.0,25000000,https://i.roamcdn.net/hz/ed/listing-thumb-224w/b8f913f53f735a2c8e2fc402a035342e/-/horizon-files-prod/ed/picture/qxjjz2nj/0ee5bf97c5f3b034ff9716caef658dc2dc143581.jpg
Appartement haut standing vue mer à vendre au virage,"Virage, Dakar",146.0,189000000,https://i.roamcdn.net/hz/ed/listing-thumb-224w/3dff34ecc552d6a37b504381afbe31fc/-/horizon-files-prod/ed/picture/qrzve0p9/29074579de434638f8d51ec57785956c2538a208.jpg
Studio à vendre aux almadies,"Almadies, Dakar",63.0,60000000,https://i.roamcdn.net/hz/ed/listing-thumb-224w/25d72a489d314bcd672099fe5fa00f02/-/horizon-files-prod/ed/picture/qrzvxzmx/8310addc4897b63faaaac209efa819d930893619.jpg
Appartements f4 à vendre liberté 6,"Liberte 6, Dakar",,83000000,https://i.roamcdn.net/hz/ed/listing-thumb-224w/3bb8edcbbfc51f9b13c2d02616cffd9d/-/horizon-files-prod/ed/picture/qv4wrgjv/0b8024b3a68cdf0480fb64d18159c5bd7bd4fd76.jpg
Appartements de standing aux almadies 2,"Almadies 2, Dakar",78.0,46500000,https://i.roamcdn.net/hz/ed/listing-thumb-224w/0a2e5d4590c428cd51cdd7a547823f8e/-/horizon-files-prod/ed/picture/q78w605j/26b2e3b26d92ef7b6b4fdee3b038dbd09dd4cbe0.jpg
Appartement de type f2 à vendre,"Mamelles, Dakar",,,https://i.roamcdn.net/hz/ed/listing-thumb-224w/5df803e39fee4422d4fb895799d4a9a7/-/horizon-files-prod/ed/picture/q78jxgk8/42f1dacd52293bf9395869052639effc18346a0c.jpg
Appartement à vendre ouest foire,"Ouest Foire, Dakar",116.0,80000000,https://i.roamcdn.net/hz/ed/listing-thumb-224w/25c156b96336dc17b016698aacf9a715/-/horizon-files-prod/ed/picture/qzvpg008/b36ce2e7ac8944bea0b19389cc767a0a4efee454.jpg
Bel appartement à vendre aux almadies,"Almadies, Dakar",,90000000,https://i.roamcdn.net/hz/ed/listing-thumb-224w/e47e9e6161c430dfab110c66c81740c0/-/horizon-files-prod/ed/picture/q9mjpnr5/6ba78022fcd6a6c097868a581699ca26991155b3.jpg
Appartement à vendre aux maristes,"Hann Maristes, Dakar",98.0,75000000,https://i.roamcdn.net/hz/ed/listing-thumb-224w/0efa88c995a43b565c072c5358764cf7/-/horizon-files-prod/ed/picture/qq4zw6pw/f6c6a5b2002d80f69ca6ed375bf8f310d53888e1.jpg
Appartement à vendre almadies,"Almadies, Dakar",210.0,190000000,https://i.roamcdn.net/hz/ed/listing-thumb-224w/65eb60b58e69aca5806da9bc4e8eba7a/-/horizon-files-prod/ed/picture/qde7958j/ee42487839c206fa54d52481c3293ea58aef2849.jpg
F3 et f4 à vendre almadies,"Almadies, Dakar",91.0,110000000,https://i.roamcdn.net/hz/ed/listing-thumb-224w/884c421cf7de0664e1a27949d7ed33a6/-/horizon-files-prod/ed/picture/q9mkrgk6/036b40aefced31b9da5eca6d64be09265048e305.jpg
Appartement à vendre zone b,"Point-E, Dakar",172.0,105000000,https://i.roamcdn.net/hz/ed/listing-thumb-224w/86f61485402b6a98654b2a62137b76e6/-/horizon-files-prod/ed/picture/q78jx00j/395bbe2956054c19e9f30daa4f3a550319816a4e.jpg
Appartement f3 de 145 m2 à sacré coeur i,"Sicap Sacré-Cœur, Dakar",145.0,100000000,https://i.roamcdn.net/hz/ed/listing-thumb-224w/eea17a1472deddfc8ecf3473b67ff59f/-/horizon-files-prod/ed/picture/q8v4wg94/1c33ffeb5b6ae2fff88be5e9fb5edf6c20c5915e.png
Ref_4201 appartement à vendre – cité alioune sow golf,"Golf, Dakar",102.0,52500000,https://i.roamcdn.net/hz/ed/listing-thumb-224w/6b3d6476daf71d61be39a718c1ba660b/-/horizon-files-prod/ed/picture/qm50vvzr/419999eb8cd3ad94f554176d2930e59172d105ee.png
Appartements haut standings sis aux almadies (vefa),"Almadies, Dakar",54.0,54000000,https://i.roamcdn.net/hz/ed/listing-thumb-224w/e01aef1c46e1a5cf42684a7ec73498b0/-/horizon-files-prod/ed/picture/q0gknqj6/cb7cca5a86d1a95907230f51c991be5b85ad9ebd.jpg
Duplex avec piscine privative et une vue panoramique sur mer,"Ngor, Dakar",360.0,395000000,https://i.roamcdn.net/hz/ed/listing-thumb-224w/0dfb28ab504023bb835b44adca2647e6/-/horizon-files-prod/ed/picture/qpdgpmpq/41ca8e872fcae73d8559cc4a3ba0ee07dddde452.jpg
Appartement à vendre à sicap baobab,"Sicap Baobab, Dakar",,125000000,https://i.roamcdn.net/hz/ed/listing-thumb-224w/58fb4ee91ff387ba1af1d995fc34c281/-/horizon-files-prod/ed/picture/qzv8zq5x/95405d8352f49a89a444b583261977caa505759f.jpg
Appartement f4 à vendre à sacré-coeur 3,"Sacré-Cœur, Dakar",154.0,120000000,https://i.roamcdn.net/hz/ed/listing-thumb-224w/fdbb8ce8eb9cfbf2e231dbfeec7a398c/-/horizon-files-prod/ed/picture/qj46qd84/5d1863108248a55294280978022e5f9e243bdbd2.jpg
Appartements f4 à vendre à mermoz,"Mermoz, Dakar",196.0,230000000,https://i.roamcdn.net/hz/ed/listing-thumb-224w/817d6422814e3170f8f1e62d63158778/-/horizon-files-prod/ed/picture/qkr864dp/e41067cf332fb1095c95347c4aa9d6ead8ea1f58.jpg
Luxueux appartements à vendre aux almadies,"Almadies, Dakar",,323180000,https://i.roamcdn.net/hz/ed/listing-thumb-224w/90c7d3a1ed41fddc287d706a18ad5523/-/horizon-files-prod/ed/picture/qj4qn8qg/633908bf7f8ead949caa678f77968a9f5cc27150.jpg
Commerce au rdc vefa,"Ngor, Dakar",,175000000,https://i.roamcdn.net/hz/ed/listing-thumb-224w/bff6b886cb6a4369d2447e17b5dfcfb0/-/horizon-files-prod/ed/picture/q78jxx7g/9ea191d7ffb63ddbe6a6c80213c912c116073b00.jpg
Appartements en vefa,"Point-E, Dakar",,65000000,https://i.roamcdn.net/hz/ed/listing-thumb-224w/ff84aa7561e70274f02e17e63ae5ea8b/-/horizon-files-prod/ed/picture/q56dgg6e/742555f6761a86eb8ed81e8c881444222ee59412.jpg
Grand appartement meublé de 3 ch à vendre à saly,"Saly, Thiès",200.0,149000000,https://i.roamcdn.net/hz/ed/listing-thumb-224w/818831e9e5916f2146ca767a9aa1147a/-/horizon-files-prod/ed/picture/qkr76pgj/8d30fe164207fa5b71614578e6a785d024a63cde.jpg
Appartement studio f2 à vendre vefa aux almadies,"Almadies, Dakar",52.0,65000000,https://i.roamcdn.net/hz/ed/listing-thumb-224w/87948d73cb6431c3ee93944c980a4e26/-/horizon-files-prod/ed/picture/q78jvvkq/a208a485f3398ccd082de58c6a417aec5e90dca4.jpg
Studio neuf en vente a ouest foire dakar,"Ouest Foire, Dakar",6.0,37500000,https://i.roamcdn.net/hz/ed/listing-thumb-224w/ca06dd334221e304a0d1d5437440398b/-/horizon-files-prod/ed/picture/qwepgnm4/f7e433097c86b9066f28bf15cfe4623a5ddb05ab.jpg
F4 & f5 vue sur mer à vendre et à louer aux mamelles,"Mamelles, Dakar",189.0,236250000,https://i.roamcdn.net/hz/ed/listing-thumb-224w/f6a394df78b36b3639a3136518f11d94/-/horizon-files-prod/ed/picture/qgqm49gk/3a60542522517a60c25458356d218b1feddf4317.jpg
Appartement à vendre aux almadies à proximité du king fahd,"Almadies, Dakar",310.0,370000000,https://i.roamcdn.net/hz/ed/listing-thumb-224w/fe724ad0ddda652431a84cf3bb5abad9/-/horizon-files-prod/ed/picture/qrzrn5n8/94711ce76ddebffb5412b605e14cca3577c87702.jpg
Appartement penthouse à vendre aux almadies,"Almadies, Dakar",440.0,600000000,https://i.roamcdn.net/hz/ed/listing-thumb-224w/56123b9682c7ca811478a072b5fce06f/-/horizon-files-prod/ed/picture/q0gkn0wj/6fbb1aa586456c777460bbe80862dcd35cb471b3.jpg
F4 neuf et moderne à vendre à liberté 6,"Liberte 6, Dakar",140.0,90000000,https://i.roamcdn.net/hz/ed/listing-thumb-224w/63c843eca1baeaa47fd95f58355b2a40/-/horizon-files-prod/ed/picture/q445rdqv/c4274f7794ab56ab1998f87a7795754933f72c55.jpg
F4 de 145 m² à vendre à sn city yoff,"Yoff, Dakar",145.0,115000000,https://i.roamcdn.net/hz/ed/listing-thumb-224w/fe25bce791fd71d0a19f102d9d47c72d/-/horizon-files-prod/ed/picture/q2jk8rk2/22c47f984ff266b0c3c67852de5fba0fdc56ba5f.jpg
Penthouse f5 à vendre almadies,"Almadies, Dakar",440.0,650000000,https://i.roamcdn.net/hz/ed/listing-thumb-224w/2729e07881dcad15b148ee3329b72cec/-/horizon-files-prod/ed/picture/q2j0mq6v/74a3ef26a3d94f9c532920c27af10c2790eaa4b4.jpg
Appartement f4 diamniadio,"Liberte 6 Extension, Dakar",113.0,45000000,https://i.roamcdn.net/hz/ed/listing-thumb-224w/b36e3b09bab82a2f79d4bb33c80ce608/-/horizon-files-prod/ed/picture/qj46qxre/ff6fd02eb47b0782f6c05219f658aadf5b4a9b5a.jpg
Super appartement f4 lumineux au cœur de dakar,"Hann Maristes, Dakar",137.0,95900000,https://i.roamcdn.net/hz/ed/listing-thumb-224w/4d269e431227d0993a308d4038cf81a3/-/horizon-files-prod/ed/picture/q8vm4q99/a7981cf8d5a62a7242da990ace809f71a4a05570.jpg
F2 à vendre aux almadies,"Liberte 6, Dakar",60.0,65000000,https://i.roamcdn.net/hz/ed/listing-thumb-224w/ec2bd84c800a8358e8d683a6e6a491fe/-/horizon-files-prod/ed/picture/q0gkn2v6/3d24a09a98f6f164c44b9360c08b199c751bbf12.jpg
Appartement f4 résidence kalia,"Zone De Captage, Dakar",100.0,78000000,https://i.roamcdn.net/hz/ed/listing-thumb-224w/7621a8cc1da6468175a48f61f0c82fe9/-/horizon-files-prod/ed/picture/qngpqwn9/2237cbcd2ff92f5658474516f881206fd895d9ea.jpg
Appartements à vendre aux almadies,"Almadies, Dakar",,90000000,https://i.roamcdn.net/hz/ed/listing-thumb-224w/b0719cb82b746d1f6c87d544169754c5/-/horizon-files-prod/ed/picture/q9mj7gm5/86daa63915b6c8ac0b89f59f6aeb2c850ced7b06.jpg
Ref_4195_pl – appartement f4 à vendre – point e,"Point-E, Dakar",154.0,159000000,https://i.roamcdn.net/hz/ed/listing-thumb-224w/1b2111ec1742247bfdbe029d77e0a281/-/horizon-files-prod/ed/picture/qng97mzz/34e013faac4a50b3463a2511828f6b70091ff25f.jpg
Appartements f4 à vendre aux almadies,"Almadies, Dakar",300.0,,https://i.roamcdn.net/hz/ed/listing-thumb-224w/b43cc5f3a85b8775ee8fed7516f10afe/-/horizon-files-prod/ed/picture/qq4z902w/776d765ebe438cd026c9020eb0d13220954bcb2d.png
Appartement à vendre fann résidence,"Fann, Dakar",180.0,205000000,https://i.roamcdn.net/hz/ed/listing-thumb-224w/649358c03393d6f8e7611d524391acf6/-/horizon-files-prod/ed/picture/q9mkj5qw/17671b5385748af10fe3a36bb1c846fe6559be29.jpg
Appartement f3 vefa à vendre,"Hann Maristes, Dakar",107.0,74900000,https://i.roamcdn.net/hz/ed/listing-thumb-224w/52cf5e576557232fd9ec0c2105932051/-/horizon-files-prod/ed/picture/qrzrrz29/2cbfb81f9f806731fc7c8723ab36704c506b080e.jpg
Vente appartement avec vue sur mer au virage,"Virage, Dakar",262.0,262000000,https://i.roamcdn.net/hz/ed/listing-thumb-224w/0c1f45b37f3cc8a3a29e61283b012898/-/horizon-files-prod/ed/picture/qde784jg/26ef66d82e24a44f69cab56ffefb2acfdf803e2c.png
F4 sur bambilor citée résidentiel,"Bambilor, Dakar",164.0,69900000,https://i.roamcdn.net/hz/ed/listing-thumb-224w/dd57aca0551ad80e3ae25a945e34d1c6/-/horizon-files-prod/ed/picture/qrzrq6zm/ecb9c00020f8b7a0d2c8bf5087bd4242e11b954e.png
Appartement vefa f3 à vendre aux almadies,"Almadies, Dakar",119.0,115000000,https://i.roamcdn.net/hz/ed/listing-thumb-224w/2f869b8b1b06bd1a116c5a5cdd71cf62/-/horizon-files-prod/ed/picture/qgqm56em/1ff060f07468d6edd69df60d2d17f329a1e1b3ec.jpg
Appartements à vendre au point e,"Point-E, Dakar",,39112000,https://i.roamcdn.net/hz/ed/listing-thumb-224w/d02f6084bcd2ecb7f6fdc6fbea897074/-/horizon-files-prod/ed/picture/qwer25pd/60eeeb7e3fc6accb0a29175af0dbb92cec68d125.png
Appartements à vendre à yoff,"Yoff, Dakar",73.0,65000000,https://i.roamcdn.net/hz/ed/listing-thumb-224w/3c176dacf99ca73bcb8bb8db8e1d5b16/-/horizon-files-prod/ed/picture/qgqmpr6q/7cef4e2d91f726fdca0d670b1ba4bb742e7e5eb3.jpg
Bel appartement à vendre à fann mermoz,"Fann, Dakar",,108000000,https://i.roamcdn.net/hz/ed/listing-thumb-224w/56fe6589419ab2b461769f2e067fbcee/-/horizon-files-prod/ed/picture/qenr5685/d77f3af33946050a0d1a0eca914177f99617b288.jpg
Appartement a vendre au virage,"Virage, Dakar",195.0,195000000,https://i.roamcdn.net/hz/ed/listing-thumb-224w/bb7a461c415fb0c09c99bb5eebf43c40/-/horizon-files-prod/ed/picture/qenvr7kz/31cd6ee96430a4563aa84fdae8c6e32533c92d9f.jpg
Appartement à vendre,"Mermoz, Dakar",177.0,212000000,https://i.roamcdn.net/hz/ed/listing-thumb-224w/000985b2d1678790df2fb700e500cd66/-/horizon-files-prod/ed/picture/qxj27qdq/582b0dda41104ea176f80248325d779176cc1cd6.jpg
Appartements à vendre sur la vdn à la cite keur gorgui,"Cité Keur Gorgui, Dakar",,150000000,https://i.roamcdn.net/hz/ed/listing-thumb-224w/ff1b77ce08a2cc6ee6de39aa4e777dc6/-/horizon-files-prod/ed/picture/q0gkggj8/31af451da65078172f95c0adaa190377efa7ba1f.jpg
Appartements f4 neufs à vendre à liberté 6,"Liberte 6, Dakar",130.0,78000000,https://i.roamcdn.net/hz/ed/listing-thumb-224w/79056ee8613601423c23b84908eef830/-/horizon-files-prod/ed/picture/qv4dg08p/bea11f0d18a30acfe94c50746365e492106fd7b2.png
Appartement f3 neuf à vendre liberté 6 extension,"Liberte 6 Extension, Dakar",101.0,110000000,https://i.roamcdn.net/hz/ed/listing-thumb-224w/6effcfe47445e74b39f5104e52a565d1/-/horizon-files-prod/ed/picture/qpdmnnmr/233a6323cd041251d80fd2cc61100411df37a667.jpg
Vente appartement f3 vefa au rdc,"Almadies, Dakar",140.0,126000000,https://i.roamcdn.net/hz/ed/listing-thumb-224w/c89ed3ce73c3d1120a769222a4eb1388/-/horizon-files-prod/ed/picture/qzv8z579/65030d537dd67f9610126b964c7a6d52072d9849.jpg
Residence habw,"Hann Maristes, Dakar",128.0,87000000,https://i.roamcdn.net/hz/ed/listing-thumb-224w/198c5e9a11feffa49d38d27e4f06ed17/-/horizon-files-prod/ed/picture/q56x6w8r/1d0511e33a304ad3772bf52b103cfff050897d97.jpg
Residence amira f5 haut standing,"Almadies, Dakar",200.0,200000000,https://i.roamcdn.net/hz/ed/listing-thumb-224w/74ef2bde1ec07f4b096fd49c9a9bffba/-/horizon-files-prod/ed/picture/qgqw8244/524e61e68f72eaeb04ffba9dace5695e97f98f94.jpg
Residence m.a.d f5 haut standing,"Cité Keur Gorgui, Dakar",286.0,230000000,https://i.roamcdn.net/hz/ed/listing-thumb-224w/62869ba9d70f0f857f88565a5c8464e7/-/horizon-files-prod/ed/picture/qxjpq48m/7e51d51e11414c0cee356bc524bcd204e138540a.jpg
Al makhtoum residence,"Vdn, Dakar",275.0,288000000,https://i.roamcdn.net/hz/ed/listing-thumb-224w/f15bbbc933316e2c54fdbde1927bec9c/-/horizon-files-prod/ed/picture/q4454gpr/93ecd9f0f4207fa633b7daedb39066a0b53f175b.jpg
F5 - f6 appartement + 250m2 haut standing à vendre,"Mermoz, Dakar",305.0,255000000,https://i.roamcdn.net/hz/ed/listing-thumb-224w/7ab8f32ec9363d2e9b922925c45bb3b8/-/horizon-files-prod/ed/picture/qzvdxwn9/3206015d989efdd1cf5a358477e17ed65de411d4.jpg
Résidence d square à vendre aux almadies,"Almadies, Dakar",157.0,135000000,https://i.roamcdn.net/hz/ed/listing-thumb-224w/c2f0e5a97a950d9ea91f4f4bb92a184b/-/horizon-files-prod/ed/picture/qv44e85j/d7620a6ca910699445046ac9b954b77d35d0435c.jpg
Résidence edge,"Yoff, Dakar",256.0,185000000,https://i.roamcdn.net/hz/ed/listing-thumb-224w/d2680860d46efb771dfa93d50f1aaa22/-/horizon-files-prod/ed/picture/qxj6vd04/de7fd33f94d178d6037dddccc6e02fba8a5eb221.png
Superbes appartements f5 à vendre au centre-ville,"Plateau, Dakar",275.0,550000000,https://i.roamcdn.net/hz/ed/listing-thumb-224w/7e8de3b7aa443d38184513382ce57a49/-/horizon-files-prod/ed/picture/q0g7q8xx/1e6ed6d7cf4f41572187ea0525522ce81f371ed1.jpg
Appartement f3 à vendre à mermoz,"Mermoz, Dakar",105.0,105000000,https://i.roamcdn.net/hz/ed/listing-thumb-224w/f078d6c57b108706caa8c97dba82febf/-/horizon-files-prod/ed/picture/qrzrqp7j/76833890117a5207213129a40df1a075975872c2.jpg
Vente d’un magnifique appartement/ corniche almadies,"Almadies, Dakar",,190000000,https://i.roamcdn.net/hz/ed/listing-thumb-224w/6ae9d040e65a8df33e75a84493b8381a/-/horizon-files-prod/ed/picture/qenrr4jz/2da1e01799c941bbde05bdf3297ee6f90fca98d9.jpg
F2 meublé à vendre à ngor,"Ngor, Dakar",50.0,45000000,https://i.roamcdn.net/hz/ed/listing-thumb-224w/5227966069f3750bdf01c9f0b7d6cb2a/-/horizon-files-prod/ed/picture/q78jpmg8/6238327c43b9164d5428e78f072219a2bb26a6f4.jpg
Appartement f4 à vendre,"Sicap Sacré-Cœur, Dakar",147.0,115000000,https://i.roamcdn.net/hz/ed/listing-thumb-224w/b68bd99d2ae3aa9424f3d2814737613b/-/horizon-files-prod/ed/picture/qpdg07nm/d637e7e22be7db65dd4a05b6c22a3a7ffc2e38c3.jpg
Appartement f4 à vendre à mermoz,"Mermoz, Dakar",200.0,200000000,https://i.roamcdn.net/hz/ed/listing-thumb-224w/15ae0515f16652b3f5ac5972308da15f/-/horizon-files-prod/ed/picture/q0gkwpzk/416e5bc9b14d9269d88e9af957492a79ba531ce1.jpg
Appartement f5 de 278 m2 à vendre à la cité africa,"Ouakam, Dakar",278.0,265000000,https://i.roamcdn.net/hz/ed/listing-thumb-224w/126ec6f0a5e7009fd5cee64b70c1a7eb/-/horizon-files-prod/ed/picture/q785km2n/d491e2969da645499e5091c6ca8d1a2e3896a49f.png
"Appartement à vendre mermoz dakar, f4 sur 251 m2","Mermoz, Dakar",251.0,274000000,https://i.roamcdn.net/hz/ed/listing-thumb-224w/a7e6525ac7c3387ab31a9637b8c7835a/-/horizon-files-prod/ed/picture/q78wjeed/cb48a24996424a7c596366ec3c004804a0b938d6.jpg
Appartement f5 penthouse,"Almadies, Dakar",325.0,265000000,https://i.roamcdn.net/hz/ed/listing-thumb-224w/19bfccf20c37ec8b8acf64a5227b081e/-/horizon-files-prod/ed/picture/qwerpq54/7a477538565c16b37bab116d8fe0025d0c7f9493.jpg
Au coeur des almadies à vendre des f2 f4 et f5,"Almadies, Dakar",92.0,128800000,https://i.roamcdn.net/hz/ed/listing-thumb-224w/6f3ea1becbe20f2a3df3be11aaefd971/-/horizon-files-prod/ed/picture/qpdg02rq/281b22c48dda318446068abb5d838a0981692056.jpg
Investissement idéal à mermoz des f4 moderne à vendre,"Mermoz, Dakar",176.0,185000000,https://i.roamcdn.net/hz/ed/listing-thumb-224w/11566a72c5405b2a04a687643a766c23/-/horizon-files-prod/ed/picture/qpdg02qq/51540781ee99835cfc1384bd52663012c57c5ed2.jpg
Appartements à vendre à mermoz,"Mermoz, Dakar",,140000000,https://i.roamcdn.net/hz/ed/listing-thumb-224w/1c068e4712dd79bd8d66efd89bb50be8/-/horizon-files-prod/ed/picture/q0gkndn6/fd450af993cc97263f131eaf1b89b9a1c1d9b88d.jpg
Appartement à vendre cite mixta,"Cite Mixta, Dakar",100.0,40000000,https://i.roamcdn.net/hz/ed/listing-thumb-224w/373b6fc0789f766d63457e8b589c9ab0/-/horizon-files-prod/ed/picture/q0g7m49e/fa5a503c33d499209a1cc8a6e22b265fd816ae53.jpg
Appartement f4 à vendre cite keur gorgui,"Cité Keur Gorgui, Dakar",157.0,180000000,https://i.roamcdn.net/hz/ed/listing-thumb-224w/9c5eb5a54419629fd3ed693aa6bb631d/-/horizon-files-prod/ed/picture/qenr9x6x/bf33f14c72dc47965a44efcee2c33297ca58b3d6.jpg
Appartement f2 à vendre à mermoz,"Mermoz, Dakar",,80000000,https://i.roamcdn.net/hz/ed/listing-thumb-224w/f75a3c18d487ae43aeb83c676e64db0c/-/horizon-files-prod/ed/picture/qrzrnjej/28a705010e419eaa0351d877451fcc19ab4cb6e0.jpg
Appartement à vendre cite keur gorgui,"Cité Keur Gorgui, Dakar",250.0,150000000,https://i.roamcdn.net/hz/ed/listing-thumb-224w/a4c5ebb67c9dd3c78ab44ca512b537bb/-/horizon-files-prod/ed/picture/qwergkv6/3686986d47c5c8fcce66167a8d0d7f20edaee92e.jpg
Appartements f4 à vendre à mermoz,"Mermoz, Dakar",,140000000,https://i.roamcdn.net/hz/ed/listing-thumb-224w/07d1ef85ac4c13302f153ed1b819660c/-/horizon-files-prod/ed/picture/qrzrnjwj/a62753397895b05a1210eeb036693ea2f73083bb.jpg
Appartement f3 à vendre,"Ouakam, Dakar",100.0,95000000,https://i.roamcdn.net/hz/ed/listing-thumb-224w/a09da695bb2b8ac36655fe74fe5ba739/-/horizon-files-prod/ed/picture/q8vmvxg9/bc57fb7bd68c8bfcc2004c98f3d65e083c684062.png
Appartements à vendre à sacré-cœur 3,"Sacré-Cœur, Dakar",,90144340,https://i.roamcdn.net/hz/ed/listing-thumb-224w/ba119eb53099d111e23a80b0b76aeebb/-/horizon-files-prod/ed/picture/qzvpn5qd/b58d7d492494cef424228d14d780a970411f8552.png
Appartement f2 à vendre à amitié 2,"Amitié, Dakar",59.0,75000000,https://i.roamcdn.net/hz/ed/listing-thumb-224w/a31bb4ed0258127389ac17cb00571f4a/-/horizon-files-prod/ed/picture/qj46qdzv/1c329b8dc0393940290f0dc489ff739e626e30e8.png
Appartement f3 à vendre à liberté 6,"Liberte 6 Extension, Dakar",150.0,110000000,https://i.roamcdn.net/hz/ed/listing-thumb-224w/d17192e2141a0a10b2f30103aabe00d8/-/horizon-files-prod/ed/picture/qq4zzr4v/b2c4d8adddc6e2f991933c23df38362c1f311568.png
Appartements à vendre à ngor virage,"Virage, Dakar",,,https://i.roamcdn.net/hz/ed/listing-thumb-224w/443b4a0dea9d897514321525a7279e91/-/horizon-files-prod/ed/picture/qzv8zpkg/69ffd0eab2d56cc39b9e4e0f0a653e6f27a8005d.png
Appartement f4+ de 285 m2 à vendre aux almadies,"Almadies, Dakar",285.0,200000000,https://i.roamcdn.net/hz/ed/listing-thumb-224w/53452e6ae994881f25888ccec558b992/-/horizon-files-prod/ed/picture/qj4qkkm6/3b9e5583f6e901b81d18f7c6f099851104bf7375.jpg
Location-vente - appartement f4 de 150m² à ngor extension,"Ngor, Dakar",150.0,80000000,https://i.roamcdn.net/hz/ed/listing-thumb-224w/7690f290c9e237d42f790b0ea40dd1a5/-/horizon-files-prod/ed/picture/qng9702m/16e5a7d0f53f76db91f05944ad78cf7c6eec40ad.jpg
Appartement f5 à vendre almadies,"Almadies, Dakar",209.0,187000000,https://i.roamcdn.net/hz/ed/listing-thumb-224w/087a378a0adaf0e39eb7fa217519f78e/-/horizon-files-prod/ed/picture/qq4zz7xe/5f835470f54f65ae6e321a6e4bf8810a8c17f827.jpg
Bel appartement f4 à vendre avec prestations haut de gamme,"Zone De Captage, Dakar",100.0,80000000,https://i.roamcdn.net/hz/ed/listing-thumb-224w/84115672dc22ad58c7e47697c92b85e3/-/horizon-files-prod/ed/picture/qgqw0w8e/8255ece30da087eb53a4be43e17e485b0a484705.jpg
Sourok 6 - appartements à vendre,"Mermoz, Dakar",114.0,120500000,https://i.roamcdn.net/hz/ed/listing-thumb-224w/4f9549bec813b16ae6513193a7098150/-/horizon-files-prod/ed/picture/qxj8ggqq/f840abe76db117fa9917978c373dc17725ad50ff.jpg
Appartement à vendre almadies,"Almadies, Dakar",189.0,180000000,https://i.roamcdn.net/hz/ed/listing-thumb-224w/9c7d2085e9124c8eb08b4d3cc4ffea42/-/horizon-files-prod/ed/picture/qrzrnr5m/2414565c698fa362d57e7d26d83d53ace90564eb.jpg
Appartement à vendre à la cité ataya,"Yoff, Dakar",156.0,115000000,https://i.roamcdn.net/hz/ed/listing-thumb-224w/042524ca6dc1424a56f2a3bcc53d5a48/-/horizon-files-prod/ed/picture/qzvpnwmd/6657f02d252334d48ba3aa1055b82f75ebcf8321.jpg
Villa à vendre à amitié 3,"Amitié, Dakar",,140000000,https://i.roamcdn.net/hz/ed/listing-thumb-224w/13df36c459f5be65ade4abcba0c4d5da/-/horizon-files-prod/ed/picture/qm5gk89g/1bcbfe3ece97e229489b62a274a2fe199994ecd4.jpg
Bel appartement à vendre aux almadies,"Almadies, Dakar",,153000000,https://i.roamcdn.net/hz/ed/listing-thumb-224w/81267c46fbcc7573eede68ab5783d360/-/horizon-files-prod/ed/picture/qzvpg05k/2f35d751f3fba650710bb292a8759b0087ac68b5.jpg
Bel appartement à vendre vue mer corniche almadies,"Almadies, Dakar",,110000000,https://i.roamcdn.net/hz/ed/listing-thumb-224w/f9844bfc0d9ac29682207bf2f096c2b0/-/horizon-files-prod/ed/picture/qgqw2vqk/a0f5031a3b92f357bbce405262e6d25eb4d3c50b.jpg
Résidence jamila f3/f4 à castor,"Castor, Dakar",,60000000,https://i.roamcdn.net/hz/ed/listing-thumb-224w/a9c1ad35da7f0f810d915a048ffaa70f/-/horizon-files-prod/ed/picture/q9mjvj80/38297223bb837f84f7ec14710d6c4669b9757a8b.jpg
Appartement f6 de 300m2 à vendre à yoff,"Yoff, Dakar",300.0,180000000,https://i.roamcdn.net/hz/ed/listing-thumb-224w/9fe8676c3346b457266d96bd796f6139/-/horizon-files-prod/ed/picture/q78jw7km/5f6cbf72d51febabb2502038597634a55daf87a1.jpg
Appart f4 a vendre mermoz,"Mermoz, Dakar",170.0,225000000,https://i.roamcdn.net/hz/ed/listing-thumb-224w/b40b353738bb77d7c3c80bf601b1d370/-/horizon-files-prod/ed/picture/qv4dgeeg/45945f94a8558ec2233503d8638704566ac25655.jpg
Appartement à vendre point e,"Point-E, Dakar",180.0,165000000,https://i.roamcdn.net/hz/ed/listing-thumb-224w/f2ecf8e0b5e656ee1abf633e77addb0c/-/horizon-files-prod/ed/picture/q6xdvq8g/52315024d65a75f03920d562904d2f129e2c7d8a.jpg
De bels apparts à vendre à yoff virage,"Virage, Dakar",130.0,53000000,https://i.roamcdn.net/hz/ed/listing-thumb-224w/37e61e831574a3aa2f88b0d0b5f767f5/-/horizon-files-prod/ed/picture/qzv8px6n/aebb67cefbdd1e3476342d206f3213116b7c74b4.jpg
T3 à vendre sur l'avenue bourguiba,"Liberte 1, Dakar",118.0,122000000,https://i.roamcdn.net/hz/ed/listing-thumb-224w/36b7e4204386ecff2d65182ce683d129/-/horizon-files-prod/ed/picture/q4455zvp/244ea1cfe1e78daaa6e0035edb232baad9664a0b.jpg
Appartement à vendre en résidence bord de mer,"Saly, Thiès",180.0,98000000,https://i.roamcdn.net/hz/ed/listing-thumb-224w/3766b3497f67ba62075a0b0ae01a49e3/-/horizon-files-prod/ed/picture/qng99mq9/7500010d79265b91a29811461d0ba440eb5b6717.jpg
Penthouse à vendre à fan résidence vue mer,"Fann, Dakar",357.0,584113000,https://i.roamcdn.net/hz/ed/listing-thumb-224w/5bc584d939e1de698d6f1cabd83187bd/-/horizon-files-prod/ed/picture/qv4w9qvm/fa873e39f930ace62266d206ec849b8811be71fe.jpg
Appartements a vendre,"Saly, Thiès",90.0,40000000,https://i.roamcdn.net/hz/ed/listing-thumb-224w/fe3a0b146f49c9fbe6f1d9dd983ab0c2/-/horizon-files-prod/ed/picture/qq42xrkn/bf2a0f4ad66a98a1550708a075107b0eb809fb63.jpg
Appartement a vendre au virage,"Virage, Dakar",161.0,146700000,https://i.roamcdn.net/hz/ed/listing-thumb-224w/890ff09dcc988f55aa6993e10575a0c4/-/horizon-files-prod/ed/picture/qq42zk2j/ba4bd685f1d973c9dc84866b5defa4a1216c4ac0.jpg
Soweto,"Cité Keur Gorgui, Dakar",96.0,115200000,https://i.roamcdn.net/hz/ed/listing-thumb-224w/6d88f1bafc14cde26beb94b48c414bfd/-/horizon-files-prod/ed/picture/qv4wrx0m/c3baea7d78527577acb835527557368f21af085d.jpg
Résidence résidome a vendre et a louer,"Almadies, Dakar",216.0,245000000,https://i.roamcdn.net/hz/ed/listing-thumb-224w/8c847853b62a1c56d02d657b57eb16ff/-/horizon-files-prod/ed/picture/qkr77k6n/9f35bc28673bea5660289f89c42357a6ae3ac79b.jpg
Appartements à vendre sur la vdn,"Vdn, Dakar",126.0,90000000,https://i.roamcdn.net/hz/ed/listing-thumb-224w/0461b798cbb1dc721a6285f51437025e/-/horizon-files-prod/ed/picture/q6xd4knn/ad835908aa4b570c2d29ab22edb8acdf041f0d42.jpg
Vente d’un appartement a ouakam-mamelles,"Mamelles, Dakar",100.0,82000000,https://i.roamcdn.net/hz/ed/listing-thumb-224w/d0c8e626a769ffae008fc80f3a09cc58/-/horizon-files-prod/ed/picture/q56dme6r/d3ca484dbb4eb917c06f22899774b7a89de8c374.jpg
Appartements f4 à vendre au point-e,"Point-E, Dakar",190.0,190000000,https://i.roamcdn.net/hz/ed/listing-thumb-224w/eff13f415f7a5069c60dcbd6860da7a8/-/horizon-files-prod/ed/picture/q0gkk78k/d5d975a9bea6af4448e46dde3dd3532440cfb033.png
Des appartements f2 vefa à vendre à partir de 36 m,"Almadies, Dakar",40.0,36000000,https://i.roamcdn.net/hz/ed/listing-thumb-224w/577536c4d4217b65d5ee4518b8b42231/-/horizon-files-prod/ed/picture/q56pp5j2/3697d5f42585e1a1cb9e44e5aa05e5fd8419fc6c.jpg
Appartement de grand standing à vendre au virage,"Yoff, Dakar",180.0,180000000,https://i.roamcdn.net/hz/ed/listing-thumb-224w/75c862d4a23c1a6ebc711ef9ea87fd27/-/horizon-files-prod/ed/picture/q8vmmddx/11d7372312362d5448be15dada5a7ee5ee03d15c.jpg
Vente d'appartements f2 & f3 en vefa au point e,"Point-E, Dakar",,59000000,https://i.roamcdn.net/hz/ed/listing-thumb-224w/71a2a3088cc020d3ca4173fc3b4ad6fa/-/horizon-files-prod/ed/picture/qenvk5v9/ba022397d5dc4027f20c398be707830171d2afb3.jpg
Appartement à vendre corniche fan résidence vue mer,"Fann, Dakar",299.0,695000000,https://i.roamcdn.net/hz/ed/listing-thumb-224w/9a3bc1ea530aca199dc60fdc1fbff72e/-/horizon-files-prod/ed/picture/q44nvpzr/62bdfbaa3a744ba582c34b49a2e328af509d4aa3.jpg
Bel appartement de haut standing a vendre almadies,"Almadies, Dakar",,140000000,https://i.roamcdn.net/hz/ed/listing-thumb-224w/d573e06e6482753e4aee67afc5f3bfe5/-/horizon-files-prod/ed/picture/qgqmm4qe/b6baeeb21c92523c49a332ae25eff1313a913cab.jpg
Magnifique appartement à vendre aux almadies,"Almadies, Dakar",,245000000,https://i.roamcdn.net/hz/ed/listing-thumb-224w/b278a3d8868fadb1888b99e381c2a2a1/-/horizon-files-prod/ed/picture/qm500v5w/8d464e19914d077dc3b5f3a6065679d5c1fb443d.jpg
Appartement neuf à vendre aux almadies,"Almadies, Dakar",,135000000,https://i.roamcdn.net/hz/ed/listing-thumb-224w/87eaa98c97ae1403453e84ea2f4a38fe/-/horizon-files-prod/ed/picture/q445jm9p/d5a5defd49dff19b51670441cf0be956395b9c27.jpg
Ref_4199_pl appartement à vendre à diamniadio,"Diamniadio, Dakar",,65000000,https://i.roamcdn.net/hz/ed/listing-thumb-224w/ad465a1ac622926d90237a430257322c/-/horizon-files-prod/ed/picture/qzv88dgg/a3c622083d847c3dd21db814479fe0fb8d9e7be7.jpg
Appartement à vendre au point e,"Point-E, Dakar",156.0,180000000,https://i.roamcdn.net/hz/ed/listing-thumb-224w/94d546f0175ef33cf39606b74390cb10/-/horizon-files-prod/ed/picture/qngp45ex/d17703d8faf12a324d6873eca41e3fc17a5906fc.jpg
Appartement f3 à vendre avenue blaise diagne,"Plateau, Dakar",,170000000,https://i.roamcdn.net/hz/ed/listing-thumb-224w/73a1a7bb7a686e067594b2bb887f9b84/-/horizon-files-prod/ed/picture/qzv884dv/6998abb9ba8c7c8f3c8a7902aefc9a353fcf09a5.jpg
Appartement à vendre sur l'avenue blaise diagne,"Plateau, Dakar",170.0,245000000,https://i.roamcdn.net/hz/ed/listing-thumb-224w/38c5f69b4a19e87d789d1e76ed6321e2/-/horizon-files-prod/ed/picture/qpdgd46q/eb57e094d220d92e8788739939f3393112277437.jpg
Trois à vendre aux almadies,"Almadies, Dakar",200.0,150000000,https://i.roamcdn.net/hz/ed/listing-thumb-224w/b457fb8928dac6aec23b10fd1219cdee/-/horizon-files-prod/ed/picture/qde97xd8/06d08d438541be51861a3ca96d0c51a2e92cb8a3.jpg
Appartement f5 à vendre à la cité keur gorgui,"Mamelles, Dakar",250.0,175000000,https://i.roamcdn.net/hz/ed/listing-thumb-224w/d464c2171f812b81c52410aaa3c7e4ab/-/horizon-files-prod/ed/picture/q0gp0dgk/77a3bad314871d62cd7cb52dbeda078cbf67417d.jpg
Appartement a vendre – investissement clé en main,"Mamelles, Dakar",190.0,155000000,https://i.roamcdn.net/hz/ed/listing-thumb-224w/390e942c6339a68c4800170e05f5b1a2/-/horizon-files-prod/ed/picture/q2j0v5dq/1ba70778f0a99970f514c44cb88e1a592f5c58f3.jpg
Appartement f4 vue sur mer à vendre corniche ouakam,"Ouakam, Dakar",225.0,310000000,https://i.roamcdn.net/hz/ed/listing-thumb-224w/b6c65f901165159d6916154bfca94a4a/-/horizon-files-prod/ed/picture/q9mkj48x/97ffa07ffe08466276c89c17e661974a599acb74.jpg
Appartement à vendre – sacré-cœur 1,"Sacré-Cœur, Dakar",133.0,107000000,https://i.roamcdn.net/hz/ed/listing-thumb-224w/8cfbfa477dda912f63af189886943e1e/-/horizon-files-prod/ed/picture/qv4wng45/da0287dfba5a7de2281457be3800dba2b3662779.jpg
Joli appartement a vendre sur la corniche des almadie,"Almadies, Dakar",150.0,250000000,https://i.roamcdn.net/hz/ed/listing-thumb-224w/53fe7bec214d77f5677a1a4b3c0ff3eb/-/horizon-files-prod/ed/picture/q8vm47e9/7d9e574ed88f22d504d6990aacb673ccc9cb10ef.jpg
Ref_9056_gl_ f2 à vendre en centre-ville,"Plateau, Dakar",,108000000,https://i.roamcdn.net/hz/ed/listing-thumb-224w/04a4aeff6c6f082a0ad6dad4e3efc256/-/horizon-files-prod/ed/picture/q6xqdje7/8be0b5f9e0808c71d2f168ce3ba53393ad7b041f.jpg
Ref_9056_gl – appartement f3 à vendre en centre-ville,"Plateau, Dakar",,180000000,https://i.roamcdn.net/hz/ed/listing-thumb-224w/1907dcf875ea720e586fd5d9362015ee/-/horizon-files-prod/ed/picture/qkr78zjn/8eb094ec8d34623ae0d0552852fee24c6541fe13.jpg
Ref_9056_gl appartement f4 à vendre en centre-ville,"Plateau, Dakar",,220000000,https://i.roamcdn.net/hz/ed/listing-thumb-224w/f536a9a71e0cd931e0aa135b8107ab52/-/horizon-files-prod/ed/picture/qxj8p7rz/a687995ecdb27125287cf761ecce4481d60a0b68.jpg
Appartement à vendre aux almadies (220m2),"Almadies, Dakar",220.0,265000000,https://i.roamcdn.net/hz/ed/listing-thumb-224w/de12a93b6aa3e22d6295fc1ccfdad1d8/-/horizon-files-prod/ed/picture/q2j0pv98/43f2c2f4c645e3f7b957917dfa7adf3c947ad825.jpg
Appartement à vendre au virage,"Virage, Dakar",213.0,215000000,https://i.roamcdn.net/hz/ed/listing-thumb-224w/d4651c09ea6a45b10f245c55710f930e/-/horizon-files-prod/ed/picture/qxj8jm0v/39bdc5523c28c8e9d0e4e00a98635426645539cc.jpg
La résidence résidome aux almadies,"Almadies, Dakar",216.0,248446000,https://i.roamcdn.net/hz/ed/listing-thumb-224w/9a7b2487e32f8434b74e2c975f5984ad/-/horizon-files-prod/ed/picture/qzv8pwm6/79465bb04f701d0340ee1b19877d70a51e2da8d5.png
Promotion vente appartements neufs aux almadies,"Almadies, Dakar",200.0,1,https://i.roamcdn.net/hz/ed/listing-thumb-224w/8c258437acc180ca2e0ca0c6aabfdbc5/-/horizon-files-prod/ed/picture/qv4dwvdm/e80867aaf0e781e074247d5c826d0211f4b93715.jpg
Ref _9057_ gl à vendre f4 (gauche) --liberté 6,"Liberte 6, Dakar",191.0,162350000,https://i.roamcdn.net/hz/ed/listing-thumb-224w/377ff47ec5b0c312cd242457f98b02c1/-/horizon-files-prod/ed/picture/qpdgm59q/12b7cf9daa598927ef3f9149fa0c3aa27a2c8b4e.jpg
Appartement meublé à vendre aux almadies,"Almadies, Dakar",192.0,235000000,https://i.roamcdn.net/hz/ed/listing-thumb-224w/e70eee3a3355d891fac5fa2fec234387/-/horizon-files-prod/ed/picture/qv4dwqjx/2a64c6b462ebddc3f7bcd2e6194fe8287794f10d.png
Appartements à vendre au point-e,"Point-E, Dakar",170.0,195000000,https://i.roamcdn.net/hz/ed/listing-thumb-224w/fe8dcebc8ee2af18408feab638e4cbb5/-/horizon-files-prod/ed/picture/qwerp88z/9b2ec9ddf80920138efb876fd4db6a48def3b05a.png
Appartement f3 à vendre à la cité mixta,"Cite Mixta, Dakar",78.0,40000000,https://i.roamcdn.net/hz/ed/listing-thumb-224w/3ccd7f7c2c71683a9e0124b38c328731/-/horizon-files-prod/ed/picture/qv4dwqq2/fc86d8d8d59164095dcc5356eb1118256c3cb98a.png
Appartement à vendre cité mixta,"Cite Mixta, Dakar",120.0,57750000,https://i.roamcdn.net/hz/ed/listing-thumb-224w/ae34ba80f5374fff3a683754cf9c3f20/-/horizon-files-prod/ed/picture/qv4dwqp8/c3625ac328ed0506fa6036fc0edbd890b18ab3ad.jpg
Bel appartement de standing aux almadies,"Almadies, Dakar",210.0,225000000,https://i.roamcdn.net/hz/ed/listing-thumb-224w/0e9fc8b956d7f25cd32cf484d9a472b7/-/horizon-files-prod/ed/picture/qq4z2v74/9db1f44d68ef14acc7ebc07ee0a4dcdd88caab96.jpg
Appartement f4 à vendre à mermoz,"Mermoz, Dakar",140.0,129500000,https://i.roamcdn.net/hz/ed/listing-thumb-224w/7d72a61c577e5e01d0a1ab4cbe05e4c6/-/horizon-files-prod/ed/picture/qrzr85d8/031aeb6fb6ef3a6c2f77d6fc68882f1f2dd32c26.jpg
Bel appartement meublé à vendre au virage,"Virage, Dakar",,77000000,https://i.roamcdn.net/hz/ed/listing-thumb-224w/e562b6ec0dd2f795e6ca795ab0ab8654/-/horizon-files-prod/ed/picture/q56pdggp/4efd4e47fb58a7b1093ca9d134de374cf2017ab0.jpg
Bel appartement à vendre aux almadies,"Almadies, Dakar",,132000000,https://i.roamcdn.net/hz/ed/listing-thumb-224w/ca58b8f3cf795441f900924e7594a5e8/-/horizon-files-prod/ed/picture/qwerpw2z/bc87bd87eedb97c6ece1ccd98339a55cf284ebd2.jpg
Ref_4183_gl appartement à vendre à la cité mixta,"Cite Mixta, Dakar",75.0,43000000,https://i.roamcdn.net/hz/ed/listing-thumb-224w/088023e7b2a1301b90eb59b308a21cef/-/horizon-files-prod/ed/picture/qngp6rdr/466d5209faa35afa964643ee0cfaed176f98c99c.jpg
Appartements a vendre (residence alboury) a saly,"Saly, Thiès",85.0,57000000,https://i.roamcdn.net/hz/ed/listing-thumb-224w/a71c5cd708d44022273e3e3178b1fd96/-/horizon-files-prod/ed/picture/q44nvv4p/f29ae3dd59d2aa18e71565c446fa88a6a57f174c.jpg
Superbe f2 meublé de standing sis sacré cœur 3,"Sacré-Cœur, Dakar",57.0,70000000,https://i.roamcdn.net/hz/ed/listing-thumb-224w/e561a24568e5d760b3a155dbe397b55e/-/horizon-files-prod/ed/picture/q0gk7wkw/f94b6a6588ae70f41690ea6f3991b9b538a004b0.jpg
Appartement à vendre à fann résidence,"Fann, Dakar",207.0,275000000,https://i.roamcdn.net/hz/ed/listing-thumb-224w/2339cc177445c40347da57b8bd7c3f43/-/horizon-files-prod/ed/picture/qng95mkz/2969c4c79c1b3664c28d39a88ec645b92b30a063.jpg
Apppartements à vendre à la corniche est,"Plateau, Dakar",,108000000,https://i.roamcdn.net/hz/ed/listing-thumb-224w/e5628e429c8cb037c0ce490c153af3b0/-/horizon-files-prod/ed/picture/qj46q425/a63f9830b46f26a36c7f30f38c3c8e22c250aa2d.png
Ref_4198_gl appartement à louer vide au virage,"Virage, Dakar",,75000000,https://i.roamcdn.net/hz/ed/listing-thumb-224w/91face032deabaa6864f1544f9c452c7/-/horizon-files-prod/ed/picture/q445n46m/63a39615188362e4bf9c96dd777d40b0074896e2.jpg
Bel appartement de 176 m² à vendre à mermoz,"Mermoz, Dakar",176.0,189000000,https://i.roamcdn.net/hz/ed/listing-thumb-224w/848a082ae37051ce549770a6f9d7d774/-/horizon-files-prod/ed/picture/qgqm9vm0/0bfe54ce84942c867bb78e238ecf86b124eb2f07.jpg
Appartements à vendre aux almadies,"Almadies, Dakar",,206513800,https://i.roamcdn.net/hz/ed/listing-thumb-224w/b1750cc1abfbb4e12c6ea6548c56cce0/-/horizon-files-prod/ed/picture/qm50pqz6/a29745fe2ef6c0b4a52207f84b7a17ac9a44e3e5.png
Appartement de haut standing à vendre,"Vdn, Dakar",177.0,125000000,https://i.roamcdn.net/hz/ed/listing-thumb-224w/a7945b574e6eae30bf3e194baa19aea6/-/horizon-files-prod/ed/picture/qenvjzzv/4d4abd331c48526d789c09c3d4bc96576fe994f8.jpg
Appartement de luxe à vendre vdn,"Vdn, Dakar",223.0,160000000,https://i.roamcdn.net/hz/ed/listing-thumb-224w/b8ce728c653c58069cb80b5213596db4/-/horizon-files-prod/ed/picture/qj4qz658/effb716fde81b805bb1df951ce3c3c40557020c0.jpg
Superbe appartement f4 a vendre,"Cité Assemblée, Dakar",,75000000,https://i.roamcdn.net/hz/ed/listing-thumb-224w/481e38d7cce56fe391f7be7c980756dc/-/horizon-files-prod/ed/picture/q44ng7m8/b665654a8bfda9e76df36a89dfcea1d232e91cca.jpg
Appartement f4 à vendre,"Point-E, Dakar",,160000000,https://i.roamcdn.net/hz/ed/listing-thumb-224w/1670c803a49c3bc4ff8f8eb4c96d18c9/-/horizon-files-prod/ed/picture/q8vmvp8z/dc26d2bd5b42b3377dee1d5b214aa3c2e84f1c2a.png
A vendre: f4 de 174 m² au mariste,"Hann Maristes, Dakar",174.0,120000000,https://i.roamcdn.net/hz/ed/listing-thumb-224w/9c188bd859a91550a9cbc9cd8187b3ed/-/horizon-files-prod/ed/picture/qkr8v60j/6cbb344d8b51541e970a767caace4bf5a115ead7.png
Superbe f5 sis centre ville,"Plateau, Dakar",200.0,325000000,https://i.roamcdn.net/hz/ed/listing-thumb-224w/46fcbd1dab66c7db70c0f937c72d1b39/-/horizon-files-prod/ed/picture/q6xd0jvj/5a1e73893ca1f225ccd4672a5644f31e12622312.jpg
Ref_4186_sey appartements à vendre à mermoz,"Mermoz, Dakar",,175000000,https://i.roamcdn.net/hz/ed/listing-thumb-224w/d4c3bf26a369fc9a0f4ef8b8579beca4/-/horizon-files-prod/ed/picture/qde75vj2/c02f4a3747e1c2bad5c9237d85c0cade66f643ce.jpg
Ref_4194_sey appartements à vendre au virage,"Virage, Dakar",,72000000,https://i.roamcdn.net/hz/ed/listing-thumb-224w/3ddfb8f2fb09125ca742239e3391ad66/-/horizon-files-prod/ed/picture/qenrdm06/e8f424a8322ea028d173fdff40e2389ef5ec4452.jpg
Ref_4195_sey appartement vue sur mer à vendre aux almadies,"Almadies, Dakar",,300000000,https://i.roamcdn.net/hz/ed/listing-thumb-224w/626a5ac32b2630d5bf641af8cafe6a7e/-/horizon-files-prod/ed/picture/qq4zqrn6/800fb2cef90626e6888592fdeb655cb79af71b07.jpg
Ref_4173_sey appartements de 168m2 à vendre à mermoz,"Mermoz, Dakar",168.0,170000000,https://i.roamcdn.net/hz/ed/listing-thumb-224w/85ddb5387e4178479fb10d4d8cd55f70/-/horizon-files-prod/ed/picture/qgqmgm08/a00ff4f51eb6de413996e2ba706a5a877b934ad1.jpg
Residense janneh f5 haut standing,"Mamelles, Dakar",296.0,200000000,https://i.roamcdn.net/hz/ed/listing-thumb-224w/fd1a5da6c09831f1f647ef5c132507c0/-/horizon-files-prod/ed/picture/qv4w8qkw/a84ec2563768ccee84546aac8d68d9e2c93ad276.jpg
Appartements haut standing à vendre à yoff,"Yoff, Dakar",,37000000,https://i.roamcdn.net/hz/ed/listing-thumb-224w/dea820398611c7468fbf855f81405f46/-/horizon-files-prod/ed/picture/q56dj5v7/c968fff046e193403fb144a0daffd17e15703c05.png
Appartement à vendre corniche mamelles,"Mamelles, Dakar",210.0,1000000,https://i.roamcdn.net/hz/ed/listing-thumb-224w/9a79da1771f8bb562206a554bf6074c1/-/horizon-files-prod/ed/picture/qng9xnez/b73e2a20d7f3b99d5ce0c254c5eb6a02a678c971.jpg
Appartement à vendre à patte d'oie,"Patte D‘Oie, Dakar",,65000000,https://i.roamcdn.net/hz/ed/listing-thumb-224w/3b430ba4b785beb1a9364d482fc2322e/-/horizon-files-prod/ed/picture/qv4wnk6v/ffa54f074a36ec87f3ad360f6c581744d7535b6e.jpg
F2 à vendre à la sicap foire,"Sicap Foire, Dakar",70.0,59000000,https://i.roamcdn.net/hz/ed/listing-thumb-224w/7f4cecf048fb0b2bd3250a4e6a7155ba/-/horizon-files-prod/ed/picture/q0g7m7zk/56438185d4ff683185c7d2338cc8fc71e552d394.jpg
F4 à vendre à la sicap foire,"Sicap Foire, Dakar",142.0,116000000,https://i.roamcdn.net/hz/ed/listing-thumb-224w/7aa10d84d8c81506f4a96abbf0aea543/-/horizon-files-prod/ed/picture/q78wnw95/0c09c335812d424defb5b1a25925c46828f8ab3b.jpg
F3 à vendre à la sicap foire,"Sicap Foire, Dakar",107.0,88600000,https://i.roamcdn.net/hz/ed/listing-thumb-224w/c754a17c2d0cb99c55df162c3e58b779/-/horizon-files-prod/ed/picture/q9mj4jnv/d8849d536b3cd77277f6bb6981d0a43a1ddb7e3d.jpg
Appartements à vendre aux almadies,"Almadies, Dakar",,60500000,https://i.roamcdn.net/hz/ed/listing-thumb-224w/f6bfdaa6faea9c86687139c77eaa4d8e/-/horizon-files-prod/ed/picture/qq4z7wnp/2a5676366f254e527b7da2c2947990da54003e59.jpg
Appartement à vendre mamelles,"Mamelles, Dakar",400.0,600000000,https://i.roamcdn.net/hz/ed/listing-thumb-224w/c640664c79b0ef371d1a0b5ec2d6a09d/-/horizon-files-prod/ed/picture/q8vm5g06/cacf1f883f6cc8bae6ec96eabd9555e7a00e7db1.jpg
Appartements de 02 chambres salon à vendre,"Plateau, Dakar",150.0,280000000,https://i.roamcdn.net/hz/ed/listing-thumb-224w/23ef3bcc379b5b0a1fc682dc316e31a0/-/horizon-files-prod/ed/picture/q2jkq562/45fa1c88775a73206b9ecc17e6ae969748d39075.jpg
Superbe f2 transformé en f3 haut standing à sacré-cœur 3,"Sacré-Cœur, Dakar",70.0,70000000,https://i.roamcdn.net/hz/ed/listing-thumb-224w/09e70a85d1393054a15140ee144dbce2/-/horizon-files-prod/ed/picture/q445d7kp/727be5b19f0757bf1e903b66a3a0783d57107ee7.jpg
Fan résidence appartement vue mer à vendre,"Fann, Dakar",170.0,270000000,https://i.roamcdn.net/hz/ed/listing-thumb-224w/bf0b386626aeed9cac3bcc871b450d89/-/horizon-files-prod/ed/picture/qwere8zm/ff3e7c794f080ee8769553c58b2fb769af4a4a7f.jpg
"À fann, magnifique appartement avec grande terrasse vue mer","Fann, Dakar",155.0,200000000,https://i.roamcdn.net/hz/ed/listing-thumb-224w/dfe916cee9f84e41dbdaabc3d8744e80/-/horizon-files-prod/ed/picture/qv4deggx/381ec7165b8e7ad31f8e1d2f58d161b6b93719f9.jpg
Appartements f2 et f3 à vendre au point e,"Point-E, Dakar",59.0,59000000,https://i.roamcdn.net/hz/ed/listing-thumb-224w/38a64df81be5fdadc7e4db33d36da625/-/horizon-files-prod/ed/picture/qj46j8x4/aeb2b73b6de9afb2f2608dcfdd9dce1b546b2e99.jpg
Appartement f5 a vendre sur la vdn,"Vdn, Dakar",235.0,,https://i.roamcdn.net/hz/ed/listing-thumb-224w/8f72c073b36ec100be8ca18c21e7cd9b/-/horizon-files-prod/ed/picture/qkr7g5wz/4bc7077917f5c1e431c7c565c6ed26566db62444.jpg
Appartements à vendre à fann résidence,"Fann, Dakar",207.0,,https://i.roamcdn.net/hz/ed/listing-thumb-224w/e0fc949d3551ec1f4ebab46c45494564/-/horizon-files-prod/ed/picture/qv4dpn0x/c581b1afe620dcb9aef9af8bd05ffc88a4c6828e.png
Appartements à vendre à ouest foire,"Ouest Foire, Dakar",59.0,45000000,https://i.roamcdn.net/hz/ed/listing-thumb-224w/796177b3415792e41061207a3baffe0e/-/horizon-files-prod/ed/picture/q0g76qjj/48676f7addd3ad305e663c658fdd7ab402363099.jpg
Ref_4196_gl appartement à vendre à la cité mbackiyou faye.,"Mamelles, Dakar",170.0,120000000,https://i.roamcdn.net/hz/ed/listing-thumb-224w/bf4203cd55c990026c73e16f61edf2c7/-/horizon-files-prod/ed/picture/qwerzvdg/f6a1afd733e3122a6099cbdd1f3c07cc61ebebad.png
Penthouse point e,"Point-E, Dakar",260.0,273000000,https://i.roamcdn.net/hz/ed/listing-thumb-224w/f66e0b3e0b0d0d614e354bb96efa7ae1/-/horizon-files-prod/ed/picture/q78wm8rd/89d75eaa7fa01fe6f380de62732bde33a740cf8f.jpg
F2 à ngor almadie,"Ngor, Dakar",45.0,45000000,https://i.roamcdn.net/hz/ed/listing-thumb-224w/3bbccf74c9e575c2751c7c984ba5cbdb/-/horizon-files-prod/ed/picture/qzvpe7wn/8350d46ff7d28270513cabbae1a1b4575aa22c7f.jpg
Des appartements et duplex à vendre aux almadies,"Almadies, Dakar",,,https://i.roamcdn.net/hz/ed/listing-thumb-224w/027dc63845d0fa49bbb6f61f9e56290c/-/horizon-files-prod/ed/picture/qde9w44g/986f9c7f951e4afe28327bfbb3c4cb5c73cff740.png
F4 haut de gamme sacré cœur,"Sacré-Cœur, Dakar",164.0,163500000,https://i.roamcdn.net/hz/ed/listing-thumb-224w/6914a0e8bc80131d81daf71c4fe7e6c5/-/horizon-files-prod/ed/picture/qde9wder/9adac6898acdeb776e5a5e61a5e2e831090c5477.jpg
Duplex à vendre aux almadies,"Almadies, Dakar",300.0,215000000,https://i.roamcdn.net/hz/ed/listing-thumb-224w/f6d6ade1444d4cbad375381ce3585957/-/horizon-files-prod/ed/picture/q78j7xjz/ef2a58b4b93de0348c8595b6cca29dc94a846f2a.jpg
Appartement f4 haut standing à vendre – route des almadies,"Almadies, Dakar",153.0,214200000,https://i.roamcdn.net/hz/ed/listing-thumb-224w/c5186b46612e47ee279d7742499851eb/-/horizon-files-prod/ed/picture/qngprdmr/5509e9e0042363a428341d1cc9da19ebe0f214d8.jpg
Appartements de luxe sur saly,"Saly, Thiès",90.0,63000000,https://i.roamcdn.net/hz/ed/listing-thumb-224w/5d9b62ffab3743683243907448775eef/-/horizon-files-prod/ed/picture/q448q9pz/02cddf5f5555cb7e786bcf7659b79b95017cd7bd.jpg
Appartement de type f4 237 m2 point e,"Point-E, Dakar",237.0,248850000,https://i.roamcdn.net/hz/ed/listing-thumb-224w/c37fc6a9cef72cdaf29c86d90a37598d/-/horizon-files-prod/ed/picture/q8v5e88p/f38ab32079608e28c2b7aa50a17b2252a2b4dfc3.jpg
Appartement 222 m2 f4 vdn,"Vdn, Dakar",222.0,148740000,https://i.roamcdn.net/hz/ed/listing-thumb-224w/69633f346fd4894d6de76b140ae282d9/-/horizon-files-prod/ed/picture/qm5gk44d/760a3b0a9855ca25f376dc06d847cd0e8cf5f3f9.jpg
F5 à vendre fann residence,"Fann, Dakar",200.0,240000000,https://i.roamcdn.net/hz/ed/listing-thumb-224w/59544dac300b2c8855078dd0ec676123/-/horizon-files-prod/ed/picture/qngpkznx/7213dedbb9717a1a13f820c65c00ebee92a3b7b5.jpg
A vendre penthouse f5- 384 m2 fann,"Fann, Dakar",384.0,460800000,https://i.roamcdn.net/hz/ed/listing-thumb-224w/34deaa2b4145c9c716008253ee098bdb/-/horizon-files-prod/ed/picture/q44n2mqr/fda2b28ddc16968a8d8ceb62218e10e2a4c555bd.jpg
Appartement f4 neuf à fann-mermoz,"Fann, Dakar",206.0,250000000,https://i.roamcdn.net/hz/ed/listing-thumb-224w/9c8777cce97b35b5e684121c03d2c03d/-/horizon-files-prod/ed/picture/q0gkggr8/937cf4bd329c9bd22519ad38138fdc1c9c9aa721.jpg
F4 & f3 à vendre au point e neufs,"Point-E, Dakar",170.0,193990000,https://i.roamcdn.net/hz/ed/listing-thumb-224w/7c63136067e2c759535dfac016b4b65c/-/horizon-files-prod/ed/picture/qm50rp4d/9e9f8d5a859110021b7a9efd968a14aa3ae461cb.jpg
Appartements de luxe à vendre,"Almadies, Dakar",52.0,52000000,https://i.roamcdn.net/hz/ed/listing-thumb-224w/4ad4c8c45cb9cd516dfcf6681c45371c/-/horizon-files-prod/ed/picture/qrzrqzg2/8d35afea6c9c09f9a6dac9cb8dfaffae33b56b50.jpg
Appartement à vendre en vefa,"Sacré-Cœur, Dakar",118.0,70000000,https://i.roamcdn.net/hz/ed/listing-thumb-224w/3f83ec0d7ed575d5e9c3b0172c19d5ac/-/horizon-files-prod/ed/picture/qv4wzz9w/45ffbcb43bfdca3d2557f1c2234ed85de2b0abd8.jpg
Bel appartement à vendre route du king fahd palace,"Almadies, Dakar",200.0,290000000,https://i.roamcdn.net/hz/ed/listing-thumb-224w/ecb1c62bcec6d8ec4b8339577426298a/-/horizon-files-prod/ed/picture/qgqwv2e9/0c0e9b3bb3bfbbb8a153276d253bf2a91d9422ce.jpg
Appartement à vendre route du king fahd palace,"Almadies, Dakar",,135000000,https://i.roamcdn.net/hz/ed/listing-thumb-224w/16e0a1d8619645a5ae52bfb5dfedbea7/-/horizon-files-prod/ed/picture/qj4qe0z4/b6653444f6df86c8adcb7ab56801bed0f607fe14.jpg
Plus beaux f2 du point e (vefa),"Point-E, Dakar",64.0,66000000,https://i.roamcdn.net/hz/ed/listing-thumb-224w/cc7fe388f7fbfbec268f2306d7bf5a5f/-/horizon-files-prod/ed/picture/qq420mpv/bf8caf544c685f12046374a27568e564a106c217.jpg
Appartement f5 à vendre -haut standing,"Almadies, Dakar",340.0,,https://i.roamcdn.net/hz/ed/listing-thumb-224w/afd6112728da1966b81fc4db02863794/-/horizon-files-prod/ed/picture/qrzrqzq9/c5e5f2201c2fa72533019a8671ed0ddbaf4b934c.jpg
Appart f5 haut standing vue sur mer au virage,"Virage, Dakar",250.0,225000000,https://i.roamcdn.net/hz/ed/listing-thumb-224w/b6de7ac08bce3e6563d97ea0b274d8e3/-/horizon-files-prod/ed/picture/q9mjrw55/3f8a31522c3b5ca2858e533ec2cd3f2af9c1616b.jpg
F4 neuf à vendre cité africa ouakam corniche,"Ouakam, Dakar",270.0,256500000,https://i.roamcdn.net/hz/ed/listing-thumb-224w/463ff75746f46ace8d1e0dd6f2d3b944/-/horizon-files-prod/ed/picture/qv4d4nzp/206e7381fc26fed52a412ff526a13f807a433ea4.jpg
F5 haut standing à vendre à la cité africa ouakam corniche,"Ouakam, Dakar",350.0,332500000,https://i.roamcdn.net/hz/ed/listing-thumb-224w/4ff609925e3f428bd3cc5bb18a6a7a23/-/horizon-files-prod/ed/picture/qj464vxg/548a2872cb6d74039394c1f8d6c15154120a74ab.jpg
Studio a vendre,"Cité Keur Gorgui, Dakar",69.0,50000000,https://i.roamcdn.net/hz/ed/listing-thumb-224w/4e48c5ce707446999922e754ec60629c/-/horizon-files-prod/ed/picture/qwered85/709177ca610f592bbdc0890f09dfea2c9725bf4a.jpg
Ref_ 9051_sey appartement à vendre aux almadies,"Almadies, Dakar",659.0,70000000,https://i.roamcdn.net/hz/ed/listing-thumb-224w/bba3e250ca386d79c984ff7739bde018/-/horizon-files-prod/ed/picture/qj46mjxr/febdc2d92528adf0d59fe3161def4df93c73007d.jpg
Appartement neuf f4 liberté extension,"Liberte 6 Extension, Dakar",185.0,140000000,https://i.roamcdn.net/hz/ed/listing-thumb-224w/0a9860961f71a8f4cf717b7f446bf193/-/horizon-files-prod/ed/picture/q44n7p5r/25724bde3ab3e6e7d4ba556932c6038a57286e20.jpg
Deux chambres à vendre à ouest foire,"Ouest Foire, Dakar",100.0,40000000,https://i.roamcdn.net/hz/ed/listing-thumb-224w/e7a58546dff60a789412e6bffd6325d9/-/horizon-files-prod/ed/picture/qpdgdvkm/269ccb13e0c5f728f9719f58de1e3d36365b06d1.jpg
Appartements à vendre à saly,"Saly Portudal, Thiès",,57000000,https://i.roamcdn.net/hz/ed/listing-thumb-224w/0671de9353ebd22fa9f8b467b08155b2/-/horizon-files-prod/ed/picture/qwepdqg6/ffb17aad1c0812f216cb53f743223fdd5997f6df.jpg
Vente appartement neufs ouest foire,"Ouest Foire, Dakar",158.0,55000000,https://i.roamcdn.net/hz/ed/listing-thumb-224w/e9ed7a7e39ce793d4f1c514b2de2bb4d/-/horizon-files-prod/ed/picture/qde74r0g/70bfc86eeba4c595a014c1e698338a38fb65080a.jpg
A vendre app fann residence f4 177 m2,"Fann, Dakar",177.0,212400000,https://i.roamcdn.net/hz/ed/listing-thumb-224w/0f030064cfd9ebf9207a5e4bec68c5cc/-/horizon-files-prod/ed/picture/q0g7xz0g/8a20d9ab87a030fabe537eb83ad4c1b75ff29927.jpg
Appat grand standing f3 a vendre,"Vdn, Dakar",177.0,118590000,https://i.roamcdn.net/hz/ed/listing-thumb-224w/f52d9e7d6c12ba483ac00f101647d616/-/horizon-files-prod/ed/picture/q44n2mmr/3c041ff10f720b7dcb7ec609d16a878d3f9ed394.jpg
Appartements hauts standing f4,"Vdn, Dakar",144.0,96480000,https://i.roamcdn.net/hz/ed/listing-thumb-224w/2a5c847aad211a55bff2b11c014d538d/-/horizon-files-prod/ed/picture/qwep988p/ef46db401d16c61603d6e427a841659c00ea388a.jpg
Splendide appartement f3 à vendre,"Plateau, Dakar",223.0,,https://i.roamcdn.net/hz/ed/listing-thumb-224w/3a53cab38a3c8ad02bf0f2bb37fd7aad/-/horizon-files-prod/ed/picture/q2jkj7mj/f9d8419ab9289665f27766b4dcc25237ec5fa4f9.png
Studio à vendre,"Point-E, Dakar",43.0,78000000,https://i.roamcdn.net/hz/ed/listing-thumb-224w/f9101b1e0b6e4af2d83c812bbeca0cd1/-/horizon-files-prod/ed/picture/q0g7qkq6/c34ebb88b9aadefec89ae7755173373016d5baa8.jpg
Appartements f4 / f3 a vendre sur avenue blaise diagne,"Plateau, Dakar",170.0,245000000,https://i.roamcdn.net/hz/ed/listing-thumb-224w/9e41e5f3b84e34ec567ad37420e2bf23/-/horizon-files-prod/ed/picture/q56p65vn/70bcc281a3032832b508c78732fa3114e0809750.jpg
F4 appartement à vendre,"Mermoz, Dakar",170.0,170000000,https://i.roamcdn.net/hz/ed/listing-thumb-224w/7ca4b9da5c55e74faa2cbee7cf7c57e9/-/horizon-files-prod/ed/picture/q9mjp0g6/624972c5e2cbf79dcffe5ed1d6e4dff12e5b779f.jpg
Bel appartement f4 a vendre a ngor extension,"Almadies, Dakar",150.0,150000000,https://i.roamcdn.net/hz/ed/listing-thumb-224w/9a51a8566461218725b1cba3bc156a45/-/horizon-files-prod/ed/picture/q8vmvgn7/a270549be99a0de2d74deebfef3752cc1e1d981d.jpg
Appartements 75m2 à vendre à la cité mixta,"Cite Mixta, Dakar",75.0,45000000,https://i.roamcdn.net/hz/ed/listing-thumb-224w/83295b3555c96e91306639144fa3c5ba/-/horizon-files-prod/ed/picture/q56p6d8x/2aaba49b1c322e39f5f995092954b232f0f48a9f.png
Appartement a vendre,"Fenêtre Mermoz, Dakar",168.0,225000000,https://i.roamcdn.net/hz/ed/listing-thumb-224w/10ae0eb193456b12674b5b235a59473d/-/horizon-files-prod/ed/picture/q9mkm56p/e2e4adee32df5c0c851269759cc92f690ca530ca.jpg
"F4 neuf à vendre – spacieux, lumineux et bien situé","Ngor, Dakar",200.0,155000000,https://i.roamcdn.net/hz/ed/listing-thumb-224w/b9cd9dbd6804f2f50606b7a8d689b94a/-/horizon-files-prod/ed/picture/q6xqxnx8/ed822cb536b54fc6950462f782054d4bffb1fdb6.jpg
Appartement à vendre aux almadies,"Almadies, Dakar",175.0,250000000,https://i.roamcdn.net/hz/ed/listing-thumb-224w/5e3e7060eb392b959522782611f3d420/-/horizon-files-prod/ed/picture/qj4qvng5/ac15749cedcfb5cb282191c21d7a5e3f045ccf60.jpg
Appartement haut de gamme a vendre aux almadies,"Almadies, Dakar",400.0,441000000,https://i.roamcdn.net/hz/ed/listing-thumb-224w/c3473ade331f84bb45227a3773090f6a/-/horizon-files-prod/ed/picture/qngpqdkv/0931e75dff46b77c58324dee97fad7dadf9d64ad.jpg
Appartements f2 et f3 à vendre au point e,"Point-E, Dakar",,59000000,https://i.roamcdn.net/hz/ed/listing-thumb-224w/71175fb14fc925311fd34699e0cef747/-/horizon-files-prod/ed/picture/qgqwepwr/173591d12c358a940891ee21804190104f92da97.png
De très beaux appartements à vendre aux almadies,"Almadies, Dakar",145.0,1400000,https://i.roamcdn.net/hz/ed/listing-thumb-224w/096685614432ec1292a8ee556a79d818/-/horizon-files-prod/ed/picture/qkr7rgpn/22fd4e066e71802052f585cbcba2c84a51b33c3f.jpg
Appartement à vendre à fan résidence club olympique,"Fann, Dakar",346.0,450000000,https://i.roamcdn.net/hz/ed/listing-thumb-224w/a43dcdb7efe30ae9911fea66d5507263/-/horizon-files-prod/ed/picture/qwe2jk95/5bfe6956a2d53221c9b6ca5bcddefb213bafc978.jpg
Studio séparé à vendre aux mamelles,"Mamelles, Dakar",52.0,45000000,https://i.roamcdn.net/hz/ed/listing-thumb-224w/993481928a2ec347986162d571745c01/-/horizon-files-prod/ed/picture/q2jkjj2g/5f1e6f5d2c857380d464378d38dc680d41a33b97.jpg
F4 a vendre aux almadies en bordure de route,"Almadies, Dakar",250.0,350000000,https://i.roamcdn.net/hz/ed/listing-thumb-224w/9b35c487e3d318ac00df295bc00dd34c/-/horizon-files-prod/ed/picture/qwepkr5p/6401e99638df11d2d18c5a39cb17e5fc6e29c1d8.jpg
F4 a vendre aux almadies rte du king fahd,"Almadies, Dakar",193.0,300000000,https://i.roamcdn.net/hz/ed/listing-thumb-224w/13c586939800ff5343c996d078a672d3/-/horizon-files-prod/ed/picture/qrzr20jg/efe0d8291a9beed3af5d2ab37a99da01c940c7a3.jpg
Un splendide penthouse à vendre,"Almadies, Dakar",508.0,,https://i.roamcdn.net/hz/ed/listing-thumb-224w/ed1b45d1384e7612e1b9b517b1067579/-/horizon-files-prod/ed/picture/qpdgpzwj/cdac3ce4a6d4ef1ee64d1109a212c24ccbafd1b5.png
Appartement f4 à vendre résidence kalia zone de captage,"Zone De Captage, Dakar",,90000000,https://i.roamcdn.net/hz/ed/listing-thumb-224w/93d6e804b68a19348672e35184035045/-/horizon-files-prod/ed/picture/q44nwgj8/d3edd4459a4c97b55b8d94bbca4a6ed85a86a964.jpg
Appartement à vendre f4 haut standing aux almadies,"Almadies, Dakar",264.0,343200000,https://i.roamcdn.net/hz/ed/listing-thumb-224w/99d32d66d9f7d813dc60a066ed8ea3fb/-/horizon-files-prod/ed/picture/q0g76jxg/b484927c1394d90e32ef9f2a350b9c075eac750a.jpg
Appartement a vendre aux mamelles,"Mamelles, Dakar",100.0,50000000,https://i.roamcdn.net/hz/ed/listing-thumb-224w/2b43e207cb864a56e61c5c7c608daa16/-/horizon-files-prod/ed/picture/qpdgpx7m/990546a6b6a6acd0de1049cb08e44365b75c476d.jpg
Appartements f4 (249m2) en vefa aux almadies,"Almadies, Dakar",249.0,340000000,https://i.roamcdn.net/hz/ed/listing-thumb-224w/6923f561855d7cbcb05e6df85dba3835/-/horizon-files-prod/ed/picture/q445jxdv/54088d6c41da934deb2be379f92660bfc47c44e4.jpg
Appartement f5 (425m2) en vefa aux almadies en,"Almadies, Dakar",425.0,600000000,https://i.roamcdn.net/hz/ed/listing-thumb-224w/61a22c19d8105833f73ba7d79927ab67/-/horizon-files-prod/ed/picture/qde9r5e7/fa57fe9875b789994fba6269721861dfd12b0223.jpg
Duplex d'exception en rooftop front de mer ngor virage,"Ngor, Dakar",326.0,400000000,https://i.roamcdn.net/hz/ed/listing-thumb-224w/08ca404e7188ddc5daff4276d1becdb9/-/horizon-files-prod/ed/picture/qq42kw5w/48da5b45ac6e0fd3341848c3e238f48f858267c4.jpg
Magnifique duplex à vendre,"Fann, Dakar",400.0,,https://i.roamcdn.net/hz/ed/listing-thumb-224w/375771de40e62cf43eb2b1526a849b7e/-/horizon-files-prod/ed/picture/qng95mgm/568ef7b3612a33c4ad1f83d4daf7126727a53769.png
Appartements à vendre aux mamelles,"Mamelles, Dakar",,,https://i.roamcdn.net/hz/ed/listing-thumb-224w/9762b340c6d44fb00676fe8c29c502ba/-/horizon-files-prod/ed/picture/qq4zqg9v/e56bd8a40add8547ad8197a889e16cd4ea230a3b.png
Penthouse à vendre aux almadies,"Almadies, Dakar",508.0,,https://i.roamcdn.net/hz/ed/listing-thumb-224w/1595956969a50093f8c25193248ab514/-/horizon-files-prod/ed/picture/qwerm60k/2d4a8bd554385d7514ed1bb377e553f314fbf9bb.jpg
Appartement f4 à vendre à yoff virage,"Virage, Dakar",,140000000,https://i.roamcdn.net/hz/ed/listing-thumb-224w/2b16fcccb06e9fc012065ed229b849e9/-/horizon-files-prod/ed/picture/qgqm5rx0/50fccb68a096ff00b67732fb6ae78baa45dcb7c3.png
À vendre appartement f4 196 m2 virage,"Virage, Dakar",196.0,215600000,https://i.roamcdn.net/hz/ed/listing-thumb-224w/5b9d755038d5a8d6ffbbc8b14ee1f3cf/-/horizon-files-prod/ed/picture/qpdmm0n2/cbff090c84298737af00e2d353862bedb273e95c.jpg
Appartement à vendre virage 195 m2,"Virage, Dakar",195.0,195000000,https://i.roamcdn.net/hz/ed/listing-thumb-224w/687cdb1e76aaf45dc951ff8dc92581c3/-/horizon-files-prod/ed/picture/qv4www8x/de17f086c0b3731ddffdb5ec52d0c8511290a761.jpg
À vendre appartement haut standing f4,"Virage, Dakar",167.0,183700000,https://i.roamcdn.net/hz/ed/listing-thumb-224w/d2d9c7cba57a3ffe78d3fb1585dddf49/-/horizon-files-prod/ed/picture/qde79rdj/2311351de1a536d0cb50b4d0e6783681ff09d13b.jpg
Appartement haut standing 199 m2 virage,"Virage, Dakar",199.0,199000000,https://i.roamcdn.net/hz/ed/listing-thumb-224w/05e7f133ceda027139d7d09838744ef7/-/horizon-files-prod/ed/picture/q78www2n/f389ecc04c28dec6089e8ab93774bd2ef955edda.jpg
Appartement à vendre fann résidence,"Fann, Dakar",300.0,700000000,https://i.roamcdn.net/hz/ed/listing-thumb-224w/7fe485d42fa72da5f18f472559545694/-/horizon-files-prod/ed/picture/qng958vw/affeb1c26e4d23281e96f45e0b2869e8c9ea156a.jpg
Ref_6196_gl villa à vendre à yoff océan,"Yoff, Dakar",230.0,650000000,https://i.roamcdn.net/hz/ed/listing-thumb-224w/4761788cfda488b51405b3127a0119df/-/horizon-files-prod/ed/picture/qrzr2m74/28284cd2345b5c3c1a8390b425178b0d9367c347.jpg
De bels apparts à vendre à yoff virage (rte almadies),"Virage, Dakar",130.0,110000000,https://i.roamcdn.net/hz/ed/listing-thumb-224w/6dd1cc73f2077f5d0de88e058df36e89/-/horizon-files-prod/ed/picture/qq429evn/b0684c3bf857e6cc61db9eede34929bcfc9b9a45.jpg
Ref_4194_sey f3 à vendre au virage,"Virage, Dakar",,100000000,https://i.roamcdn.net/hz/ed/listing-thumb-224w/069c237c3e2b6c654692d4839c4a305f/-/horizon-files-prod/ed/picture/q2jkz2m6/0c2b285db796c6da889f5a47657924463a1d4f45.jpg
Ref_4194_sey appartement à vendre au virage,"Virage, Dakar",,160000000,https://i.roamcdn.net/hz/ed/listing-thumb-224w/390795ea3b64d9d20212f2e53a2e5270/-/horizon-files-prod/ed/picture/q445j2kp/bf68cc11e6333bedba310152338f481c726f3e30.jpg
Sourok 7 - appartements à vendre en vefa,"Point-E, Dakar",110.0,127000000,https://i.roamcdn.net/hz/ed/listing-thumb-224w/c38ad11d99863c7a7fce8491bdb73373/-/horizon-files-prod/ed/picture/qrzr2kkg/34d349613cb134ebdddf7652122cf8fc60bf847b.png
Appartements f3 aux maristes,"Hann Maristes, Dakar",117.0,65000000,https://i.roamcdn.net/hz/ed/listing-thumb-224w/b6767e8093abd58b7cbb443287d7b88e/-/horizon-files-prod/ed/picture/qzvpj2vd/830e18ec1ceac9b4ce1c8becd993e42c718a3f14.jpg
T3 a vendre,"Liberte 6 Extension, Dakar",100.0,110000000,https://i.roamcdn.net/hz/ed/listing-thumb-224w/aeaaa6074944b31053962b6f790d0cba/-/horizon-files-prod/ed/picture/q9mk0268/bfb291b06fa2292ca5edee65d434d85272023338.jpg
Ref_4193_gl appartement f3 à vendre – mermoz (vefa),"Mermoz, Dakar",174.0,325000000,https://i.roamcdn.net/hz/ed/listing-thumb-224w/a0c42978a008e7e7bd8a5f9d4eac5446/-/horizon-files-prod/ed/picture/qxj8dz0j/4f76bf68b92de0c6b54b05de34c0e5a0ba5d6d2c.jpg
Appartement f5 cité ataya,"Nord Foire, Dakar",,100000000,https://i.roamcdn.net/hz/ed/listing-thumb-224w/78f18828dd82d446373fc6a93e6e1a2c/-/horizon-files-prod/ed/picture/q8vm0d96/460d8d728477777aa4c0e74f555167665091189c.jpg
Appartements 3 chambres salon avec vue sur mer,"Mamelles, Dakar",197.0,240000000,https://i.roamcdn.net/hz/ed/listing-thumb-224w/c5e4bfe326985e38f6f3a8feaccb06f8/-/horizon-files-prod/ed/picture/q0g70xjk/f0fffa09dbe0f82bdb1c8c33b44dde2ff4db5cef.jpg
Appartement f3 a vendre a fass,"Fass, Dakar",75.0,45000000,https://i.roamcdn.net/hz/ed/listing-thumb-224w/f6d72e04badd48b74b56b6e684a19ce7/-/horizon-files-prod/ed/picture/qrz8m6pg/327c301671e39555f842f4ad04db64042b3dde76.jpg
Appartement f3 haut standing aux almadies,"Almadies, Dakar",185.0,240500000,https://i.roamcdn.net/hz/ed/listing-thumb-224w/dcde4e7194ca5d888d5c865c8f6f8784/-/horizon-files-prod/ed/picture/q9mjzqxx/0f86028bc018b94f6224f4ad74d6bcd40e62e244.jpg
Appartement à vendre f2 haut standing aux almadies,"Almadies, Dakar",125.0,162500000,https://i.roamcdn.net/hz/ed/listing-thumb-224w/1a7c8bf1d27fa68ea9909a305e2a41d5/-/horizon-files-prod/ed/picture/qxjpmv94/3b22daabc21a44b9024f274f349dd97c83e858ed.jpg
Penthouse à vendre f6 haut standing aux almadies,"Almadies, Dakar",582.0,756600000,https://i.roamcdn.net/hz/ed/listing-thumb-224w/31f8b9a83ce0fccc09c17a18a048640c/-/horizon-files-prod/ed/picture/q56dn0nr/d2c0aa6bd62db3677c812f9988a37f4eb4ad0cab.png
Appartement f4 à vendre au virage,"Virage, Dakar",156.0,160000000,https://i.roamcdn.net/hz/ed/listing-thumb-224w/77e86167088782c572ab68eae7709f73/-/horizon-files-prod/ed/picture/qm50mnzg/1381b8e6ba536681d6e5bde654a4d87a883dad7b.jpg
Trois chambres à vendre aux almadies,"Almadies, Dakar",200.0,100000000,https://i.roamcdn.net/hz/ed/listing-thumb-224w/62ece30d8694dd8d8b549af399fc8e75/-/horizon-files-prod/ed/picture/q9mjp7q8/e1e7b3825b146c48666cd1283dd16226f6aa5d29.jpg
Ref_4192_pl f3 a vendre dans un immeuble r+3 à biagui,"Cité Biagui, Dakar",,55000000,https://i.roamcdn.net/hz/ed/listing-thumb-224w/30eb17e7cb0a0d63ac237e95cef0961f/-/horizon-files-prod/ed/picture/qrzr27w4/6940ba2e6bb9b3359f18f1686060f2a4eb703fda.jpg
Ref_4189_pl_ f3 à vendre dans un immeuble r+3 à biagui,"Cité Biagui, Dakar",125.0,50000000,https://i.roamcdn.net/hz/ed/listing-thumb-224w/2ba6d8d26168a7bcdf884d8fa4d360c3/-/horizon-files-prod/ed/picture/qenrdwm2/2878d4159c73b8cd3cd6d6e67f7d9a4fc44a61fe.jpg
Ref_4190_pl f4 à vendre dans un immeuble r+3 à biagui,"Cité Biagui, Dakar",150.0,75000000,https://i.roamcdn.net/hz/ed/listing-thumb-224w/38b1f1353658e14400052c8ace1dd607/-/horizon-files-prod/ed/picture/qq4zq68j/44f80b3048a832c50cc51309adc39f4f4541f3f5.jpg
Ref_4191_pl f4 à vendre dans un immeuble r+3 à biagui,"Cité Biagui, Dakar",125.0,70000000,https://i.roamcdn.net/hz/ed/listing-thumb-224w/4b4b8462c523dc05a8c1cd04f21f5a39/-/horizon-files-prod/ed/picture/q9mk0g6v/1ede28418807b7a59f5f57a59c2355999eb1add0.png
Luxueux duplex de 514 m2 à vendre à mermoz,"Mermoz, Dakar",514.0,635000000,https://i.roamcdn.net/hz/ed/listing-thumb-224w/41f0e0fc03c010665a93e23c75d9867b/-/horizon-files-prod/ed/picture/qzv4ee4q/2ffad5c6cb6354866d3353c3135183bb556bac10.jpg
Appartement à vendre,"Point-E, Dakar",190.0,192000000,https://i.roamcdn.net/hz/ed/listing-thumb-224w/8b421e9d6f4f0f7bf6260df3e323a145/-/horizon-files-prod/ed/picture/q2j04jde/e0a7625fea647e131cd901192321bba1cfd9b3c9.jpg
Bel appartement à vendre,"Virage, Dakar",185.0,139500000,https://i.roamcdn.net/hz/ed/listing-thumb-224w/cb7b6fe1785032212175525538f8933a/-/horizon-files-prod/ed/picture/qv4dm9qw/0a9c8374716f266f6244a05cff7dfd6a49ac29de.jpg
"Point e, f4 152m², tout neuf, 8e, résidence privée","Point-E, Dakar",152.0,200000000,https://i.roamcdn.net/hz/ed/listing-thumb-224w/0874dad698cd3945f858c5c667dde7ed/-/horizon-files-prod/ed/picture/qrzr26v5/ea7f785eb9a280064f09f84b9329ba1ece4440e2.jpg
Appartements a vendre a saly mbour,"Mbour, Thiès",100.0,50000000,https://i.roamcdn.net/hz/ed/listing-thumb-224w/ca4614bbfabda6db94cc3a7b813c3548/-/horizon-files-prod/ed/picture/qrzr2nvx/37c1c0b8a891f77aef6c4447e32b3a04d11c6874.jpg
Luxueux appartement a vendre !!!,"Virage, Dakar",213.0,205000000,https://i.roamcdn.net/hz/ed/listing-thumb-224w/3c543c495f892f78ec09311364b950ce/-/horizon-files-prod/ed/picture/qwermpp0/3b0d74305fc855bb7ab132fe311cff4a4cfdc1ad.jpg
Appartement goree view à vendre !,"Plateau, Dakar",140.0,280000000,https://i.roamcdn.net/hz/ed/listing-thumb-224w/86b6fd3633f859d04cb3ce43f316885b/-/horizon-files-prod/ed/picture/qj46mr58/b4f853ef5902043b451d7ff4e3c81d01961b9288.jpg
Ref_4185_gl appartement à vendre sans les meubles,"Liberte 6 Extension, Dakar",140.0,110000000,https://i.roamcdn.net/hz/ed/listing-thumb-224w/777bcf9b696561931104899714f65f7b/-/horizon-files-prod/ed/picture/q8vm05nx/b2de9a981b91a78345b4d29037a45fc08030d1c0.jpg
Appartement neuf f4 à vendre à fann-mermoz,"Fann, Dakar",177.0,212400000,https://i.roamcdn.net/hz/ed/listing-thumb-224w/a97b705ae9a50b36e8d0457918773dcf/-/horizon-files-prod/ed/picture/q6xdw07d/4cb94ecdd9c2243157db03cae24e13319c1f348d.jpg
Appartement f4 a vendre,"Liberte 4, Dakar",178.0,175000000,https://i.roamcdn.net/hz/ed/listing-thumb-224w/351d470f0b76cff8e5ebf1849129b2ff/-/horizon-files-prod/ed/picture/qng9552e/1420392d71a8aafac5a6fd46d3a84689813782aa.jpg
Ref_9042_gl : appartements f5 à vendre,"Plateau, Dakar",340.0,748000000,https://i.roamcdn.net/hz/ed/listing-thumb-224w/8b1bd46c794c69cc7ab930646a920977/-/horizon-files-prod/ed/picture/qxjp4rv8/f7b600c070dc3e4c460eb7acb63a5d9424a2d1c3.jpg
Résidence terre neuve,"Amitié, Dakar",,,https://i.roamcdn.net/hz/ed/listing-thumb-224w/b33457b390239542010d09891622088f/-/horizon-files-prod/ed/picture/q0g7m646/1ce1820376c7224a443a7c99c791ecb4ba56e4d8.png
Appartement f3 à vendre au sipres,"Liberte 6 Extension, Dakar",200.0,95000000,https://i.roamcdn.net/hz/ed/listing-thumb-224w/b2479b26c8d14fae83c60420431c07c2/-/horizon-files-prod/ed/picture/q8v46ng7/7d3ed5482a9f774ceca1ccbdc7c630955c617efc.png
Résidence elysée,"Almadies, Dakar",,,https://i.roamcdn.net/hz/ed/listing-thumb-224w/83c6c64ddfbfb25cc23e8717f8490486/-/horizon-files-prod/ed/picture/qm5g8wd6/4c4190bb12152672d408b8c5febaeba0206aae0d.png
Penthouse à vendre à mermoz,"Mermoz, Dakar",308.0,420000000,https://i.roamcdn.net/hz/ed/listing-thumb-224w/76f6ee64750e06111477ed06fbc96cb0/-/horizon-files-prod/ed/picture/qenvp0mj/0719fb030300cc9432d3926ea34fe5f19363c754.jpg
Appartements f2 à vendre à mermoz,"Mermoz, Dakar",54.0,66000000,https://i.roamcdn.net/hz/ed/listing-thumb-224w/e36a6c34b9c00b3b69fafc0232465f2a/-/horizon-files-prod/ed/picture/qrzvmxqx/566e0a39638b7c2821e524cbd517d52144833ac2.jpg
Appartements à vendre à dakar plateau,"Plateau, Dakar",,,https://i.roamcdn.net/hz/ed/listing-thumb-224w/674b0b29cc908b10231df3660994b899/-/horizon-files-prod/ed/picture/qv4eee5k/f31b3eed5b12eac66fd274471ab88bb750427a5e.jpg
Appartements à vendre à keur ndiaye lô,"Keur Ndiaye Lô, Dakar",,56553000,https://i.roamcdn.net/hz/ed/listing-thumb-224w/0c8c45485f730ef1741626d97788ba78/-/horizon-files-prod/ed/picture/qv4w279p/bda5c589d6cbefa71c61934f2b71dbd0341b798a.jpg
Résidence le sommet,"Almadies, Dakar",,,https://i.roamcdn.net/hz/ed/listing-thumb-224w/4ffad42e6c5008f4778568b7ce139555/-/horizon-files-prod/ed/picture/qj4qv97w/f3877e1955163e1596fa7025aa9bdf1ad18c1d88.png
Appartement a vendre,"Virage, Dakar",216.0,250000000,https://i.roamcdn.net/hz/ed/listing-thumb-224w/ee078e58f7c0da79b9e775245648f19b/-/horizon-files-prod/ed/picture/qwepq0w5/581d48d9d2c0be01a58c62845bc6beffa9bbecf0.jpg
Appartement vue sur mer,"Virage, Dakar",220.0,320000000,https://i.roamcdn.net/hz/ed/listing-thumb-224w/34e0f08f0a997482d7283abbb382d403/-/horizon-files-prod/ed/picture/qxjp48dm/12bdcca3f6427e3a2c22a0aeec5ada928dd8bf72.jpg
La résidence bolly taysiir - vente en v.e.f.a,"Mamelles, Dakar",,,https://i.roamcdn.net/hz/ed/listing-thumb-224w/b4b5bf83665d208f83131854bc3d5220/-/horizon-files-prod/ed/picture/q78w64wd/4a64f44a3a56b1147a52318938906b7c4abc7057.png
Résidence toumaï,"Amitié, Dakar",,,https://i.roamcdn.net/hz/ed/listing-thumb-224w/1861220ea765a549d5e8451ef296bde5/-/horizon-files-prod/ed/picture/qkr8eern/25c5abf3386c3e5f0f308993a5da78c02f21832b.png
T3 82 m2 refait à neuf,"Diamniadio, Dakar",82.0,42500000,https://i.roamcdn.net/hz/ed/listing-thumb-224w/eaca791c1d4c704a27d10c5c3f1b5ff9/-/horizon-files-prod/ed/picture/qzvpknj9/84b6214ddc3c285fd4eb57e8512543443a5a361e.jpg
Appartement kalia derrière emg,"Zone De Captage, Dakar",96.0,82000000,https://i.roamcdn.net/hz/ed/listing-thumb-224w/d49c207a734aef559aaeb12023adb341/-/horizon-files-prod/ed/picture/q78wrd98/bb611b41b663eaff6db6a9ee597e760e1fee8f5c.jpg
Appartement 1 chambre salon à vendre aux almadies,"Almadies, Dakar",50.0,69000000,https://i.roamcdn.net/hz/ed/listing-thumb-224w/719c75a52f337da8a554c730a9a7433d/-/horizon-files-prod/ed/picture/q8v4zzzn/cc5d24c8d73b0ad6608f41c4c090dcc5317652e1.jpg
F3 au virage avec vue sur mer,"Virage, Dakar",107.0,117990000,https://i.roamcdn.net/hz/ed/listing-thumb-224w/44969153b4dc9bd0100301567bd251f7/-/horizon-files-prod/ed/picture/qrz87478/6ced98c4adb29b80ebc983bc063593e51a445794.jpg
Ref_4182_sey appartements à vendre aux almadies,"Almadies, Dakar",,300000000,https://i.roamcdn.net/hz/ed/listing-thumb-224w/7faffeb6a199d17fc128c9171782e3e3/-/horizon-files-prod/ed/picture/qngp6qnr/32e86cba0f6862db8c7b6834bc386755e5ff7278.jpg
T3 neuf recasement yoff ngor almadies - idéal investisseur,"Almadies, Dakar",78.0,52000000,https://i.roamcdn.net/hz/ed/listing-thumb-224w/2bf1d84548a8a72d749d93e1fd31875e/-/horizon-files-prod/ed/picture/qpd6qnmj/63b45aedbf23817d5b0645b39b48c53b080deb16.jpg
Appartement à vendre au point e,"Point-E, Dakar",170.0,110000000,https://i.roamcdn.net/hz/ed/listing-thumb-224w/1ed5f7d870e74d27ef1b6030b15db358/-/horizon-files-prod/ed/picture/q8v5e99r/95ce53c270fcb49146a612df66c51908f542aa36.jpg
Immeuble sci awa,"Mamelles, Dakar",,,https://i.roamcdn.net/hz/ed/listing-thumb-224w/f8d6c27f25dec8b62af6db99e9109f89/-/horizon-files-prod/ed/picture/qm5gez42/4965bbc72b3dc116790238d8663ee60d17e566be.png
Appart f4 a vendre point e,"Point-E, Dakar",212.0,222285000,https://i.roamcdn.net/hz/ed/listing-thumb-224w/3418e8c2c590a05f22b01ccfd9ada7a4/-/horizon-files-prod/ed/picture/qgqwe740/53cf537d4f749dfa85b1e4971c0e717c35228552.jpg
Appartement en vente,"Ngor, Dakar",165.0,120000000,https://i.roamcdn.net/hz/ed/listing-thumb-224w/36ea495a96ae785652c6838076ce72e2/-/horizon-files-prod/ed/picture/qj4qe9q4/bc57fe8304943ad3dff19c3467126d1ade55fd49.jpg
Appartement neuf de 203m2 à ngor almadies,"Almadies, Dakar",203.0,145000000,https://i.roamcdn.net/hz/ed/listing-thumb-224w/8f6e6a9b269d83c8689cbe661c1fd51d/-/horizon-files-prod/ed/picture/q78wzw0z/a91eb27bba0f2e7ad6801aa864dbb2c6aca5c7d9.jpg
Ref_4177_gl appartement neuf à vendre au point e,"Point-E, Dakar",173.0,165000000,https://i.roamcdn.net/hz/ed/listing-thumb-224w/7f3833a01065c6b40f494412f65ee1f5/-/horizon-files-prod/ed/picture/qwep6n9k/a0087115e19ecf95841dddd401b6f6c9f632ecb6.jpg
F4 a vendre cite cpi vdn,"Liberte 6, Dakar",142.0,85000000,https://i.roamcdn.net/hz/ed/listing-thumb-224w/d9bb5c1ebb76a7f93bb5fb44d10b2287/-/horizon-files-prod/ed/picture/qm5gveq6/c3696ec994e39a1c865a187f555dde4b14189282.jpg
Ref_4176_sey appartements à vendre au point e,"Point-E, Dakar",,205000000,https://i.roamcdn.net/hz/ed/listing-thumb-224w/203de32dc9913a5ef9f1d0a71cfc9e2d/-/horizon-files-prod/ed/picture/qq42rdq7/d15fbab15f5d15c757167d9f79364438cabe49dc.jpg
Ref_4175_pl appartement à vendre aux maristes au 2eme étage,"Hann Maristes, Dakar",,47000000,https://i.roamcdn.net/hz/ed/listing-thumb-224w/d61eb1450cb17e0236fe124f853022dd/-/horizon-files-prod/ed/picture/qpdm9kg2/7f4d02bb3355f5750fbd977d7efd652a1c4a5eb9.jpg
Appartement à vendre sipres 2,"Liberte 6 Extension, Dakar",135.0,95000000,https://i.roamcdn.net/hz/ed/listing-thumb-224w/6402c1673d6efd0e2afe6d9a6b554361/-/horizon-files-prod/ed/picture/q56dn7d2/57afd97cd4114504404540cb1c99d95fc2395f41.jpg
Appartements à vendre à ngor/almadies,"Almadies, Dakar",,,https://i.roamcdn.net/hz/ed/listing-thumb-224w/2d39274de40a051af48d601561aec5b3/-/horizon-files-prod/ed/picture/qq42n5ew/40ab912b6f039bb46159aa76042e63f11fdb4799.png
Grand appartement de luxe vue sur mer haut plateau dakar,"Plateau, Dakar",400.0,700000000,https://i.roamcdn.net/hz/ed/listing-thumb-224w/848407532117b9bb3c48e36101e1815a/-/horizon-files-prod/ed/picture/qxjpm6xn/d0a1cf421f583ba1a7b7cbbf93dc3a33489953f5.jpg
Appartements f4 et duplex f6 à vendre,"Point-E, Dakar",,,https://i.roamcdn.net/hz/ed/listing-thumb-224w/63b15a16bbf02e309ab7612842d8321d/-/horizon-files-prod/ed/picture/qde7mmjg/6dd3dcc66ce1f9671f1b137ac5b6d728974347eb.png
Appartement f5 à vendre à yoff/virage,"Virage, Dakar",237.0,250000000,https://i.roamcdn.net/hz/ed/listing-thumb-224w/4b880efccc5ebe77cd4b37369388626f/-/horizon-files-prod/ed/picture/q6xd8406/d25b68fa0fa2739f330c517376a1520bda584e83.jpg
Des appartements à vendre aux almadies,"Almadies, Dakar",278.0,486000000,https://i.roamcdn.net/hz/ed/listing-thumb-224w/517dc629a83ad4b273c244fc4b2db74d/-/horizon-files-prod/ed/picture/qdekv7z0/69c029ab686dc819fee032315895204259f6ba39.jpg
Des appartements neufs à vendre dakar plateau,"Plateau, Dakar",240.0,550000000,https://i.roamcdn.net/hz/ed/listing-thumb-224w/1c72a68d9f72b2b5f9b97f3f2cad373e/-/horizon-files-prod/ed/picture/q785ewrm/1e682a58e2f20ff1ec9529c52572a41c3db6a512.jpg
Appartement f4 à vendre à liberté 06 extension,"Liberte 6 Extension, Dakar",274.0,195000000,https://i.roamcdn.net/hz/ed/listing-thumb-224w/14175f1b9d0472082e8f2182d403e22c/-/horizon-files-prod/ed/picture/qpdmgmw0/46bab3969f2e3c8fd5f4505b94330e61b978e2e9.jpg
Appartement à vendre aux almadies sur la route du méridien,"Almadies, Dakar",213.0,310000000,https://i.roamcdn.net/hz/ed/listing-thumb-224w/59de18ca0d336da08351fe9999ed5e89/-/horizon-files-prod/ed/picture/q2j0nx6d/37b99f11accf9de597617090b54cf54305d5da14.jpg
Ref_9031_gl résidence aux almadies : duplex à vendre,"Almadies, Dakar",,436000000,https://i.roamcdn.net/hz/ed/listing-thumb-224w/2913ca991fcdeead7ade3d699d22ed78/-/horizon-files-prod/ed/picture/q9mj6rj7/0350454f0b4d7724ad39d3b270cf05a7e7be2453.jpg
A vendre: appartement de 180 m² à ngor virage,"Virage, Dakar",180.0,155000000,https://i.roamcdn.net/hz/ed/listing-thumb-224w/911df03fad460eb500695b3e28ceb635/-/horizon-files-prod/ed/picture/qq4282xj/b6ca6ac10b01a89885d96f36001bbd3cd93e89d1.png
A vendre: f4 dans la résidence amary,"Mermoz, Dakar",,185000000,https://i.roamcdn.net/hz/ed/listing-thumb-224w/f8c4cd2542d89094d99398efe19603f4/-/horizon-files-prod/ed/picture/qrz84vrx/0599b21ed6ebfcdce39d576f38bf31d21716e982.png
Appartement à vendre,"Mermoz, Dakar",242.0,276000000,https://i.roamcdn.net/hz/ed/listing-thumb-224w/3bb146f4d2e4a0f3222a3b3f8f256051/-eyJvciI6MH0%3D/horizon-files-prod/ed/picture/q2j0gvkq/a374b28fd38a3a3958aa0e1f23640ffcea12ef9c.jpg
Appartements à vendre à mermoz,"Mermoz, Dakar",177.0,,https://i.roamcdn.net/hz/ed/listing-thumb-224w/9ef5fb7e6f7c3dd7ddbd3209f2e5d8d0/-/horizon-files-prod/ed/picture/qrz804z9/9e06ee245cc8a9a6ac1a177ee79eb7ad4cac0d0a.png
Appartement à vendre à fan résidence 5 eme étage,"Fann, Dakar",207.0,270000000,https://i.roamcdn.net/hz/ed/listing-thumb-224w/93914e03542cd695cc9bc72a0cf4ae65/-/horizon-files-prod/ed/picture/q78wmpj5/639c6a69fcb4df4ac0e05f3399d0094cced4aa7c.jpg
À vendre: superbe appartement aux almadies,"Almadies, Dakar",190.0,,https://i.roamcdn.net/hz/ed/listing-thumb-224w/4c92d830ab30b0c445e2754db7504bd1/-/horizon-files-prod/ed/picture/qwep8zx5/0783d3fa710cb5c8fe5778e667ba85397473a0ec.png
A vendre: appartement à la cité keur gorgui,"Cité Keur Gorgui, Dakar",139.0,94500000,https://i.roamcdn.net/hz/ed/listing-thumb-224w/cc95abfd23f0170b6bc1f0e8b265039d/-/horizon-files-prod/ed/picture/q9mjdmnj/8a907230a356d057b65a59f68d49bcb3f2823d33.png
"Appartement à fass paillote à vendre, 2 ème étage","Fass, Dakar",100.0,30000000,https://i.roamcdn.net/hz/ed/listing-thumb-224w/cb894e0b404ac3e598d6f45efea52b43/-/horizon-files-prod/ed/picture/qj4qreed/6529decd2344004795277fd1ea0f3ea7f50a44c2.jpg
A vendre: appartement meublé aux almadies,"Almadies, Dakar",192.0,,https://i.roamcdn.net/hz/ed/listing-thumb-224w/c1f7d4f1b63a006a3051a27ac620b3d1/-/horizon-files-prod/ed/picture/q78wmvre/c5d6b33be83cff72fca6f07ad63e0683096bc892.png
Ref_9040_gl point e : appartements f4 à vendre,"Point-E, Dakar",290.0,362500000,https://i.roamcdn.net/hz/ed/listing-thumb-224w/2b4db3c9eb400d6dc86ee2a67a23c461/-/horizon-files-prod/ed/picture/qq42gkg7/f9ac80e0c9e64f175b9265cc4c1b0e547e575c17.jpg
A vendre,"Sacré-Cœur, Dakar",285.0,250000000,https://i.roamcdn.net/hz/ed/listing-thumb-224w/f0c82b696415d97c8ce6fc36a6173348/-/horizon-files-prod/ed/picture/q785dw9g/81730f57600591000dec8927acb29754869ea47d.jpg
Appartement f4 vue sur mer aux almadies,"Almadies, Dakar",226.0,315000000,https://i.roamcdn.net/hz/ed/listing-thumb-224w/68b7fe0095e5ea3ae9cabd2920e30c67/-/horizon-files-prod/ed/picture/qq4278j7/15f0c6dadf51d32a793133f90b3043c55f44f5f7.jpg
Appartement à vendre aux almadies,"Almadies, Dakar",167.0,165,https://i.roamcdn.net/hz/ed/listing-thumb-224w/9be944d6cf0427bf108dd74d073536fe/-/horizon-files-prod/ed/picture/q9mjk8wn/7cbb48e7151922fdbef38abc72c18729c56ca471.jpg
3 pièces de standing au virage - promesse de vente possible,"Virage, Dakar",140.0,110000000,https://i.roamcdn.net/hz/ed/listing-thumb-224w/57d3d58ec298bde382bc5aaddbc5bb4a/-/horizon-files-prod/ed/picture/qrz86dxq/492f6a662704313b1949fba06dd2aa4aae232c7f.jpg
Appartement f4 à la résidence kalia,"Zone De Captage, Dakar",100.0,85000000,https://i.roamcdn.net/hz/ed/listing-thumb-224w/d56e4d149d1e071ddf932a7a6b730979/-/horizon-files-prod/ed/picture/qv4wd97m/81481faf0d69e8544cdbafda5af7f9ed37515e21.png
Appartement à vendre au virage,"Virage, Dakar",200.0,220000000,https://i.roamcdn.net/hz/ed/listing-thumb-224w/b0a7cf46af12a847e679678e05575e11/-/horizon-files-prod/ed/picture/qxj2v8w4/0120f1ade7289630c39f5e94444aa6d2c23aa82f.jpg
Maison meuble en location longue durée,"Kayar, Thiès",35.0,150000,https://i.roamcdn.net/hz/ed/listing-thumb-224w/6847a6641ed75dd6b3a5f2cb4040ceab/-/horizon-files-prod/ed/picture/qxj8wm62/81a17c6c529a7818dd49292e6b46fd809d7398da.jpg
Appartement f2,"Mamelles, Dakar",175.0,37000,https://i.roamcdn.net/hz/ed/listing-thumb-224w/a147d2d032c22a77d7a73368f186c7d7/-/horizon-files-prod/ed/picture/q78jxx2d/0d7b454038419ffa80cdfcd6b46a534f571e0dcf.jpg
F2 cosy quasi neuf meublé à louer à ngor almadies,"Almadies, Dakar",63.0,40000,https://i.roamcdn.net/hz/ed/listing-thumb-224w/50a220f6c7ec7204456c3949c3bef41e/-/horizon-files-prod/ed/picture/qwernxpj/0a3715da3dbfb59b4e4d5a5467aeea2ea897ed39.jpg
Très bel appartement neuf avec vue sur mer à yoff virage,"Yoff, Dakar",105.0,950000,https://i.roamcdn.net/hz/ed/listing-thumb-224w/63281b09dc6a13b33d5040fe1fcb6c4a/-/horizon-files-prod/ed/picture/q56prn45/5c66cb0e0c99b70334b66cf8032fc4a58d288146.jpg
Chambre meublée aux maristes,"Hann Maristes, Dakar",,12000,https://i.roamcdn.net/hz/ed/listing-thumb-224w/783f8cf63f6e065538eefe7cfc4dfabf/-/horizon-files-prod/ed/picture/qz6q70k/abb1e0a20a0ec3c36053b30bd6b13d5d66adf89e.jpg
Terrain à vendre keur massar unité 6,"Keur Massar, Dakar",150.0,19900000,https://i.roamcdn.net/hz/ed/listing-thumb-224w/ce679abd10c38f5f55cd89b45c684df5/-/horizon-files-prod/ed/picture/qpdgw2z4/ff109d31b9739781c7e29090edfb24e0c1d72478.jpg
Terrain 600 m2 à vendre à la somone idéalement placé,"Somone, Thiès",600.0,46000000,https://i.roamcdn.net/hz/ed/listing-thumb-224w/745250ef16d920367e379aa48a55b283/-/horizon-files-prod/ed/picture/q6xd89r4/fa00b737ed27f6e998e1bc61ce8ec54f92aabb38.jpg
Appartement f3 & f4 a louer,"Mermoz, Dakar",212.0,,https://i.roamcdn.net/hz/ed/listing-thumb-224w/745ed4aba0704897ef796abb4eebcf1f/-eyJvciI6OTB9/horizon-files-prod/ed/picture/q9zwp4n/0c63f56eec2b7eb7d6eebf74c372529bdfedbcef.jpg
Appartements de 3ch salon a kounoune,"Kounoune, Dakar",,150000,https://i.roamcdn.net/hz/ed/listing-thumb-224w/46254e249ce7d4b4100d6c45a2f08b9a/-/horizon-files-prod/ed/picture/qq42pmdw/195138f8c8fd1da58eb223990dc6a2629d0d75d3.jpg
Titre foncier r+4 à vendre sur ouest foire,"Ouest Foire, Dakar",160.0,330000000,https://i.roamcdn.net/hz/ed/listing-thumb-224w/1ada615c4bec24bacc1d345078be5867/-/horizon-files-prod/ed/picture/q9mk9g47/48436848ae15d93a19f1ede734d37d9164144ab8.jpg
Studio meublè comico ouakam,"Ouakam, Dakar",80.0,12500,https://i.roamcdn.net/hz/ed/listing-thumb-224w/6404895a582e25751ab701dc9194dcbc/-/horizon-files-prod/ed/picture/qder42nw/d9d4d7a6a27d74a749576a5f2fec0bb0bd7548ec.jpg
Maison à vendre mbao,"Mbao, Dakar",215.0,70000000,https://i.roamcdn.net/hz/ed/listing-thumb-224w/b0edde2b303d02224a500563f96a8898/-/horizon-files-prod/ed/picture/qenrdp8j/4eff8e0ad7caa377ba83292dc9fdfdcd10a91cc8.jpg
